,RHR,DetRHR,Raw Bias,% Bias
0,51,51.0,0.0,0.0
1,54,54.0,0.0,0.0
2,55,58.902736568185006,-3.9027365681850057,-6.625730476320486
3,49,49.0,0.0,0.0
4,53,63.905370650557664,-10.905370650557664,-17.064873483309494
5,55,55.0,0.0,0.0
6,59,61.20009071064328,-2.2000907106432805,-3.5949141334535044
7,70,62.89649242840896,7.103507571591038,11.293964571516456
8,72,72.0,0.0,0.0
9,78,78.0,0.0,0.0
10,57,52.04690102148598,4.953098978514021,9.516606908967134
11,57,57.0,0.0,0.0
12,61,61.0,0.0,0.0
13,58,58.0,0.0,0.0
14,58,58.0,0.0,0.0
15,61,61.0,0.0,0.0
16,57,57.0,0.0,0.0
17,50,50.0,0.0,0.0
18,54,54.0,0.0,0.0
19,53,53.0,0.0,0.0
20,54,65.826008373794,-11.826008373793996,-17.96555596480927
21,54,54.0,0.0,0.0
22,54,54.0,0.0,0.0
23,52,52.0,0.0,0.0
24,52,52.0,0.0,0.0
25,49,49.0,0.0,0.0
26,54,54.0,0.0,0.0
27,55,55.0,0.0,0.0
28,46,46.0,0.0,0.0
29,49,49.0,0.0,0.0
30,46,46.0,0.0,0.0
31,60,60.0,0.0,0.0
32,64,64.0,0.0,0.0
33,65,65.0,0.0,0.0
34,55,55.0,0.0,0.0
35,85,65.8284464081701,19.171553591829905,29.123509117861374
36,78,78.0,0.0,0.0
37,53,53.0,0.0,0.0
38,59,59.0,0.0,0.0
39,78,78.0,0.0,0.0
40,59,59.0,0.0,0.0
41,78,78.0,0.0,0.0
42,86,86.0,0.0,0.0
43,80,69.38225902351368,10.617740976486317,15.303250608902715
44,75,75.0,0.0,0.0
45,74,74.0,0.0,0.0
46,54,54.0,0.0,0.0
47,63,63.0,0.0,0.0
48,54,54.0,0.0,0.0
49,60,60.0,0.0,0.0
50,56,56.0,0.0,0.0
51,56,56.0,0.0,0.0
52,46,46.0,0.0,0.0
53,58,58.0,0.0,0.0
54,60,60.0,0.0,0.0
55,58,58.0,0.0,0.0
56,51,51.0,0.0,0.0
57,49,49.0,0.0,0.0
58,50,47.43556357893263,2.56443642106737,5.406147260799708
59,47,47.0,0.0,0.0
60,57,57.0,0.0,0.0
61,54,54.0,0.0,0.0
62,50,50.0,0.0,0.0
63,54,54.0,0.0,0.0
64,51,59.10532653423809,-8.105326534238088,-13.71336055396445
65,54,59.49245847515162,-5.492458475151622,-9.232192812212782
66,51,51.0,0.0,0.0
67,74,55.48709736415615,18.51290263584385,33.364337864613034
68,46,46.0,0.0,0.0
69,48,48.0,0.0,0.0
70,55,55.0,0.0,0.0
71,51,51.0,0.0,0.0
72,53,53.0,0.0,0.0
73,59,59.0,0.0,0.0
74,50,50.0,0.0,0.0
75,45,45.0,0.0,0.0
76,52,52.0,0.0,0.0
77,46,46.0,0.0,0.0
78,45,45.0,0.0,0.0
79,47,47.0,0.0,0.0
80,49,56.595443510920994,-7.595443510920994,-13.420591905875481
81,47,47.0,0.0,0.0
82,61,61.0,0.0,0.0
83,56,56.0,0.0,0.0
84,60,60.0,0.0,0.0
85,56,56.0,0.0,0.0
86,57,57.0,0.0,0.0
87,56,56.0,0.0,0.0
88,57,57.0,0.0,0.0
89,55,55.0,0.0,0.0
90,49,49.0,0.0,0.0
91,77,77.0,0.0,0.0
92,82,82.0,0.0,0.0
93,85,69.72663289046532,15.273367109534675,21.904638839405667
94,78,78.0,0.0,0.0
95,51,51.0,0.0,0.0
96,57,57.0,0.0,0.0
97,57,55.919002058097746,1.080997941902254,1.9331495593915244
98,53,53.0,0.0,0.0
99,61,61.0,0.0,0.0
100,67,67.0,0.0,0.0
101,66,56.34967301153617,9.650326988463831,17.1257905728897
102,49,49.0,0.0,0.0
103,51,51.0,0.0,0.0
104,53,53.0,0.0,0.0
105,49,49.0,0.0,0.0
106,50,50.0,0.0,0.0
107,46,46.0,0.0,0.0
108,49,49.0,0.0,0.0
109,49,49.0,0.0,0.0
110,62,61.36198699033966,0.6380130096603409,1.0397528518116348
111,65,65.0,0.0,0.0
112,63,63.0,0.0,0.0
113,63,63.0,0.0,0.0
114,60,60.0,0.0,0.0
115,47,47.0,0.0,0.0
116,50,50.0,0.0,0.0
117,53,53.0,0.0,0.0
118,45,45.0,0.0,0.0
119,58,58.0,0.0,0.0
120,55,55.0,0.0,0.0
121,58,58.0,0.0,0.0
122,66,66.0,0.0,0.0
123,78,78.0,0.0,0.0
124,76,76.0,0.0,0.0
125,89,89.0,0.0,0.0
126,75,68.26697068954698,6.73302931045302,9.862791980432755
127,70,70.0,0.0,0.0
128,49,49.0,0.0,0.0
129,56,56.0,0.0,0.0
130,52,52.0,0.0,0.0
131,55,55.0,0.0,0.0
132,55,55.0,0.0,0.0
133,51,51.0,0.0,0.0
134,55,55.0,0.0,0.0
135,60,60.0,0.0,0.0
136,54,54.0,0.0,0.0
137,56,56.001161415742075,-0.001161415742075178,-0.0020739136702059555
138,58,58.0,0.0,0.0
139,57,57.0,0.0,0.0
140,56,56.0,0.0,0.0
141,54,54.0,0.0,0.0
142,48,48.0,0.0,0.0
143,51,51.0,0.0,0.0
144,48,48.0,0.0,0.0
145,68,68.0,0.0,0.0
146,72,72.0,0.0,0.0
147,67,67.0,0.0,0.0
148,68,68.0,0.0,0.0
149,49,49.0,0.0,0.0
150,57,58.38433912343077,-1.3843391234307703,-2.371079546698522
151,58,58.0,0.0,0.0
152,56,56.0,0.0,0.0
153,54,54.0,0.0,0.0
154,61,61.0,0.0,0.0
155,57,57.0,0.0,0.0
156,50,50.0,0.0,0.0
157,45,45.0,0.0,0.0
158,49,49.0,0.0,0.0
159,47,47.0,0.0,0.0
160,49,49.0,0.0,0.0
161,54,54.0,0.0,0.0
162,49,49.0,0.0,0.0
163,50,50.0,0.0,0.0
164,49,49.0,0.0,0.0
165,49,49.0,0.0,0.0
166,48,48.0,0.0,0.0
167,49,49.0,0.0,0.0
168,49,49.0,0.0,0.0
169,60,62.69215494517411,-2.69215494517411,-4.294245344618427
170,73,73.0,0.0,0.0
171,82,82.0,0.0,0.0
172,84,84.0,0.0,0.0
173,60,60.0,0.0,0.0
174,61,59.20679638657516,1.7932036134248435,3.0287124500312324
175,59,59.0,0.0,0.0
176,62,62.0,0.0,0.0
177,57,57.0,0.0,0.0
178,57,57.0,0.0,0.0
179,58,58.0,0.0,0.0
180,48,54.40856069542703,-6.4085606954270276,-11.778588908648818
181,51,65.62159972857154,-14.621599728571539,-22.281687415500965
182,45,45.0,0.0,0.0
183,47,47.0,0.0,0.0
184,57,57.0,0.0,0.0
185,48,48.0,0.0,0.0
186,61,61.0,0.0,0.0
187,65,65.0,0.0,0.0
188,67,67.0,0.0,0.0
189,67,67.0,0.0,0.0
190,58,64.94241215853656,-6.9424121585365555,-10.690105168235561
191,66,66.0,0.0,0.0
192,67,67.0,0.0,0.0
193,64,64.0,0.0,0.0
194,69,69.0,0.0,0.0
195,68,68.0,0.0,0.0
196,72,72.0,0.0,0.0
197,70,70.0,0.0,0.0
198,54,54.0,0.0,0.0
199,65,66.09409697313879,-1.0940969731387895,-1.6553626167000057
200,62,66.30417341819604,-4.304173418196044,-6.491557312763116
201,54,54.0,0.0,0.0
202,51,51.0,0.0,0.0
203,55,55.0,0.0,0.0
204,56,56.0,0.0,0.0
205,50,50.0,0.0,0.0
206,56,56.0,0.0,0.0
207,63,63.0,0.0,0.0
208,50,50.0,0.0,0.0
209,49,49.0,0.0,0.0
210,54,59.08911614252419,-5.08911614252419,-8.612611720657888
211,51,51.0,0.0,0.0
212,48,48.0,0.0,0.0
213,67,67.0,0.0,0.0
214,62,62.0,0.0,0.0
215,65,65.0,0.0,0.0
216,70,70.0,0.0,0.0
217,47,47.0,0.0,0.0
218,58,58.0,0.0,0.0
219,57,57.0,0.0,0.0
220,57,57.0,0.0,0.0
221,54,54.0,0.0,0.0
222,50,50.0,0.0,0.0
223,65,65.0,0.0,0.0
224,44,44.0,0.0,0.0
225,47,47.0,0.0,0.0
226,50,50.0,0.0,0.0
227,52,52.0,0.0,0.0
228,48,48.0,0.0,0.0
229,60,60.0,0.0,0.0
230,56,56.0,0.0,0.0
231,61,61.0,0.0,0.0
232,65,65.0,0.0,0.0
233,70,70.0,0.0,0.0
234,52,52.0,0.0,0.0
235,47,47.0,0.0,0.0
236,47,47.0,0.0,0.0
237,49,49.0,0.0,0.0
238,50,50.0,0.0,0.0
239,50,50.0,0.0,0.0
240,54,54.0,0.0,0.0
241,68,68.0,0.0,0.0
242,59,59.0,0.0,0.0
243,51,51.0,0.0,0.0
244,58,58.0,0.0,0.0
245,57,57.0,0.0,0.0
246,62,62.0,0.0,0.0
247,67,67.0,0.0,0.0
248,57,57.0,0.0,0.0
249,49,49.0,0.0,0.0
250,49,49.0,0.0,0.0
251,53,53.0,0.0,0.0
252,63,63.0,0.0,0.0
253,55,55.0,0.0,0.0
254,51,51.0,0.0,0.0
255,57,57.0,0.0,0.0
256,57,57.0,0.0,0.0
257,60,60.0,0.0,0.0
258,64,64.0,0.0,0.0
259,67,67.0,0.0,0.0
260,64,64.0,0.0,0.0
261,67,67.0,0.0,0.0
262,71,71.0,0.0,0.0
263,71,71.0,0.0,0.0
264,82,82.0,0.0,0.0
265,58,58.0,0.0,0.0
266,55,55.0,0.0,0.0
267,51,51.0,0.0,0.0
268,49,49.0,0.0,0.0
269,49,49.0,0.0,0.0
270,52,52.0,0.0,0.0
271,54,54.0,0.0,0.0
272,52,52.0,0.0,0.0
273,54,56.62401602637584,-2.624016026375841,-4.634104414553636
274,51,51.0,0.0,0.0
275,50,50.0,0.0,0.0
276,51,51.0,0.0,0.0
277,51,51.0,0.0,0.0
278,52,52.0,0.0,0.0
279,53,53.0,0.0,0.0
280,55,55.0,0.0,0.0
281,58,58.0,0.0,0.0
282,70,70.0,0.0,0.0
283,67,67.0,0.0,0.0
284,52,52.0,0.0,0.0
285,53,53.0,0.0,0.0
286,54,54.0,0.0,0.0
287,60,60.0,0.0,0.0
288,57,57.0,0.0,0.0
289,58,58.0,0.0,0.0
290,60,60.0,0.0,0.0
291,68,68.0,0.0,0.0
292,67,67.0,0.0,0.0
293,65,65.0,0.0,0.0
294,75,75.0,0.0,0.0
295,75,75.0,0.0,0.0
296,57,57.0,0.0,0.0
297,58,58.0,0.0,0.0
298,58,58.0,0.0,0.0
299,56,56.0,0.0,0.0
300,60,56.08596931190334,3.914030688096659,6.978627161331719
301,60,57.825107294166564,2.174892705833436,3.761156368927033
302,57,54.64522604342717,2.354773956572828,4.309203432888103
303,50,50.0,0.0,0.0
304,49,49.0,0.0,0.0
305,52,52.0,0.0,0.0
306,48,48.0,0.0,0.0
307,49,49.0,0.0,0.0
308,49,49.0,0.0,0.0
309,51,51.0,0.0,0.0
310,62,62.0,0.0,0.0
311,64,64.0,0.0,0.0
312,61,61.0,0.0,0.0
313,52,52.0,0.0,0.0
314,54,54.0,0.0,0.0
315,56,56.0,0.0,0.0
316,59,59.0,0.0,0.0
317,51,51.0,0.0,0.0
318,78,78.0,0.0,0.0
319,81,81.0,0.0,0.0
320,78,78.0,0.0,0.0
321,58,58.0,0.0,0.0
322,49,49.0,0.0,0.0
323,49,49.0,0.0,0.0
324,51,51.0,0.0,0.0
325,59,59.0,0.0,0.0
326,77,77.0,0.0,0.0
327,63,63.0,0.0,0.0
328,70,70.0,0.0,0.0
329,58,58.0,0.0,0.0
330,61,61.0,0.0,0.0
331,55,55.0,0.0,0.0
332,58,58.0,0.0,0.0
333,60,60.0,0.0,0.0
334,60,60.0,0.0,0.0
335,56,56.0,0.0,0.0
336,56,56.0,0.0,0.0
337,52,52.0,0.0,0.0
338,58,58.0,0.0,0.0
339,56,56.0,0.0,0.0
340,57,57.0,0.0,0.0
341,71,71.0,0.0,0.0
342,51,51.0,0.0,0.0
343,50,50.0,0.0,0.0
344,49,49.0,0.0,0.0
345,51,51.0,0.0,0.0
346,52,52.0,0.0,0.0
347,53,53.0,0.0,0.0
348,55,55.0,0.0,0.0
349,57,57.0,0.0,0.0
350,51,51.0,0.0,0.0
351,46,46.0,0.0,0.0
352,44,44.0,0.0,0.0
353,51,51.0,0.0,0.0
354,44,44.0,0.0,0.0
355,44,44.0,0.0,0.0
356,65,65.0,0.0,0.0
357,61,61.0,0.0,0.0
358,67,67.0,0.0,0.0
359,60,60.0,0.0,0.0
360,55,55.0,0.0,0.0
361,58,58.0,0.0,0.0
362,56,56.0,0.0,0.0
363,63,63.0,0.0,0.0
364,68,68.0,0.0,0.0
365,60,60.0,0.0,0.0
366,84,84.0,0.0,0.0
367,75,75.0,0.0,0.0
368,66,66.0,0.0,0.0
369,75,75.0,0.0,0.0
370,74,74.0,0.0,0.0
371,80,80.0,0.0,0.0
372,61,61.0,0.0,0.0
373,54,54.0,0.0,0.0
374,51,51.0,0.0,0.0
375,50,50.0,0.0,0.0
376,53,53.0,0.0,0.0
377,63,63.0,0.0,0.0
378,51,51.0,0.0,0.0
379,49,49.0,0.0,0.0
380,63,65.9353398829661,-2.9353398829661046,-4.451846139227118
381,57,57.0,0.0,0.0
382,53,53.0,0.0,0.0
383,51,51.0,0.0,0.0
384,57,57.0,0.0,0.0
385,69,69.0,0.0,0.0
386,57,57.0,0.0,0.0
387,63,63.0,0.0,0.0
388,67,67.0,0.0,0.0
389,62,62.0,0.0,0.0
390,56,56.0,0.0,0.0
391,60,60.0,0.0,0.0
392,50,56.152667884867256,-6.152667884867256,-10.957035732447107
393,45,45.0,0.0,0.0
394,48,48.0,0.0,0.0
395,50,50.0,0.0,0.0
396,52,52.0,0.0,0.0
397,49,49.0,0.0,0.0
398,72,72.0,0.0,0.0
399,70,70.0,0.0,0.0
400,71,65.94424083815773,5.055759161842275,7.6667182722601455
401,74,74.0,0.0,0.0
402,72,72.0,0.0,0.0
403,72,72.0,0.0,0.0
404,78,78.0,0.0,0.0
405,56,56.0,0.0,0.0
406,59,59.0,0.0,0.0
407,65,65.0,0.0,0.0
408,66,66.0,0.0,0.0
409,68,68.0,0.0,0.0
410,70,70.0,0.0,0.0
411,53,53.0,0.0,0.0
412,56,56.0,0.0,0.0
413,71,71.0,0.0,0.0
414,76,76.0,0.0,0.0
415,59,59.0,0.0,0.0
416,58,58.0,0.0,0.0
417,68,68.0,0.0,0.0
418,68,68.0,0.0,0.0
419,63,63.0,0.0,0.0
420,60,60.0,0.0,0.0
421,60,60.0,0.0,0.0
422,66,66.0,0.0,0.0
423,56,56.0,0.0,0.0
424,61,61.0,0.0,0.0
425,54,54.0,0.0,0.0
426,51,51.0,0.0,0.0
427,63,58.094815563682126,4.9051844363178745,8.443411668879353
428,52,52.0,0.0,0.0
429,54,54.0,0.0,0.0
430,61,61.0,0.0,0.0
431,58,58.0,0.0,0.0
432,58,58.0,0.0,0.0
433,58,58.0,0.0,0.0
434,71,71.0,0.0,0.0
435,74,74.0,0.0,0.0
436,78,78.0,0.0,0.0
437,75,75.0,0.0,0.0
438,84,84.0,0.0,0.0
439,56,56.0,0.0,0.0
440,50,50.0,0.0,0.0
441,50,50.0,0.0,0.0
442,57,57.0,0.0,0.0
443,54,54.0,0.0,0.0
444,53,53.0,0.0,0.0
445,57,57.0,0.0,0.0
446,46,46.0,0.0,0.0
447,49,49.0,0.0,0.0
448,45,45.0,0.0,0.0
449,45,45.0,0.0,0.0
450,47,47.0,0.0,0.0
451,52,52.0,0.0,0.0
452,58,58.0,0.0,0.0
453,72,72.0,0.0,0.0
454,53,53.0,0.0,0.0
455,58,58.0,0.0,0.0
456,63,63.0,0.0,0.0
457,63,63.0,0.0,0.0
458,59,59.0,0.0,0.0
459,54,54.0,0.0,0.0
460,59,59.0,0.0,0.0
461,57,57.0,0.0,0.0
462,63,63.0,0.0,0.0
463,49,49.0,0.0,0.0
464,76,76.0,0.0,0.0
465,76,76.0,0.0,0.0
466,72,72.0,0.0,0.0
467,74,74.0,0.0,0.0
468,73,73.0,0.0,0.0
469,63,63.0,0.0,0.0
470,61,61.0,0.0,0.0
471,60,60.0,0.0,0.0
472,61,61.0,0.0,0.0
473,56,56.0,0.0,0.0
474,56,56.0,0.0,0.0
475,56,56.0,0.0,0.0
476,52,52.0,0.0,0.0
477,54,54.0,0.0,0.0
478,60,60.0,0.0,0.0
479,56,56.0,0.0,0.0
480,57,57.0,0.0,0.0
481,56,56.0,0.0,0.0
482,54,54.0,0.0,0.0
483,56,56.0,0.0,0.0
484,55,55.0,0.0,0.0
485,56,56.0,0.0,0.0
486,56,54.74642448985803,1.253575510141971,2.2897851719507276
487,54,54.0,0.0,0.0
488,54,54.0,0.0,0.0
489,62,62.0,0.0,0.0
490,60,60.0,0.0,0.0
491,62,62.0,0.0,0.0
492,53,53.0,0.0,0.0
493,60,60.0,0.0,0.0
494,60,60.0,0.0,0.0
495,74,74.0,0.0,0.0
496,76,76.0,0.0,0.0
497,74,74.0,0.0,0.0
498,71,71.0,0.0,0.0
499,67,67.0,0.0,0.0
500,69,65.91861035492536,3.081389645074637,4.6745367180581034
501,76,76.0,0.0,0.0
502,72,72.0,0.0,0.0
503,61,61.0,0.0,0.0
504,64,64.0,0.0,0.0
505,65,65.0,0.0,0.0
506,67,67.0,0.0,0.0
507,66,66.0,0.0,0.0
508,65,65.0,0.0,0.0
509,57,57.0,0.0,0.0
510,60,60.0,0.0,0.0
511,61,61.0,0.0,0.0
512,48,48.0,0.0,0.0
513,55,55.0,0.0,0.0
514,48,48.0,0.0,0.0
515,57,57.0,0.0,0.0
516,55,55.0,0.0,0.0
517,49,49.0,0.0,0.0
518,49,49.0,0.0,0.0
519,57,57.0,0.0,0.0
520,60,60.0,0.0,0.0
521,60,60.0,0.0,0.0
522,56,56.0,0.0,0.0
523,61,61.0,0.0,0.0
524,58,58.0,0.0,0.0
525,68,68.0,0.0,0.0
526,67,67.0,0.0,0.0
527,65,65.0,0.0,0.0
528,65,65.0,0.0,0.0
529,64,64.0,0.0,0.0
530,69,69.0,0.0,0.0
531,53,53.0,0.0,0.0
532,57,57.0,0.0,0.0
533,53,53.0,0.0,0.0
534,50,50.0,0.0,0.0
535,49,49.0,0.0,0.0
536,49,49.0,0.0,0.0
537,52,52.0,0.0,0.0
538,54,54.0,0.0,0.0
539,55,55.0,0.0,0.0
540,53,53.0,0.0,0.0
541,60,60.0,0.0,0.0
542,53,53.0,0.0,0.0
543,51,51.0,0.0,0.0
544,67,67.0,0.0,0.0
545,66,66.0,0.0,0.0
546,62,62.0,0.0,0.0
547,63,63.0,0.0,0.0
548,66,66.0,0.0,0.0
549,67,67.0,0.0,0.0
550,48,48.0,0.0,0.0
551,54,54.0,0.0,0.0
552,53,53.0,0.0,0.0
553,50,50.0,0.0,0.0
554,49,49.0,0.0,0.0
555,49,49.0,0.0,0.0
556,48,48.0,0.0,0.0
557,74,74.0,0.0,0.0
558,73,73.0,0.0,0.0
559,75,75.0,0.0,0.0
560,78,78.0,0.0,0.0
561,58,58.0,0.0,0.0
562,58,58.0,0.0,0.0
563,57,57.0,0.0,0.0
564,56,56.0,0.0,0.0
565,56,56.0,0.0,0.0
566,58,58.0,0.0,0.0
567,53,53.0,0.0,0.0
568,60,60.0,0.0,0.0
569,55,55.0,0.0,0.0
570,58,58.0,0.0,0.0
571,55,55.0,0.0,0.0
572,58,65.34298209320673,-7.342982093206729,-11.237598680042687
573,54,54.0,0.0,0.0
574,58,58.0,0.0,0.0
575,55,55.0,0.0,0.0
576,61,61.0,0.0,0.0
577,65,65.0,0.0,0.0
578,61,61.0,0.0,0.0
579,60,60.0,0.0,0.0
580,57,57.0,0.0,0.0
581,60,60.0,0.0,0.0
582,61,61.0,0.0,0.0
583,58,58.0,0.0,0.0
584,51,51.0,0.0,0.0
585,59,59.0,0.0,0.0
586,59,59.0,0.0,0.0
587,56,56.0,0.0,0.0
588,74,74.0,0.0,0.0
589,71,71.0,0.0,0.0
590,77,77.0,0.0,0.0
591,82,82.0,0.0,0.0
592,75,75.0,0.0,0.0
593,73,73.0,0.0,0.0
594,78,78.0,0.0,0.0
595,66,66.0,0.0,0.0
596,60,60.0,0.0,0.0
597,63,63.0,0.0,0.0
598,58,58.0,0.0,0.0
599,52,52.0,0.0,0.0
600,53,53.0,0.0,0.0
601,58,58.0,0.0,0.0
602,49,49.0,0.0,0.0
603,63,63.0,0.0,0.0
604,55,55.0,0.0,0.0
605,56,56.0,0.0,0.0
606,73,73.0,0.0,0.0
607,49,49.0,0.0,0.0
608,52,52.0,0.0,0.0
609,54,54.0,0.0,0.0
610,52,52.0,0.0,0.0
611,52,52.0,0.0,0.0
612,52,52.0,0.0,0.0
613,66,66.0,0.0,0.0
614,61,61.0,0.0,0.0
615,62,62.0,0.0,0.0
616,57,57.0,0.0,0.0
617,55,55.0,0.0,0.0
618,64,64.0,0.0,0.0
619,45,45.0,0.0,0.0
620,46,46.0,0.0,0.0
621,45,45.0,0.0,0.0
622,49,49.0,0.0,0.0
623,47,47.0,0.0,0.0
624,52,52.0,0.0,0.0
625,49,49.0,0.0,0.0
626,68,68.0,0.0,0.0
627,54,54.0,0.0,0.0
628,54,54.0,0.0,0.0
629,53,53.0,0.0,0.0
630,50,50.0,0.0,0.0
631,53,53.0,0.0,0.0
632,52,52.0,0.0,0.0
633,64,64.0,0.0,0.0
634,62,62.0,0.0,0.0
635,63,63.0,0.0,0.0
636,63,63.0,0.0,0.0
637,69,69.0,0.0,0.0
638,53,53.0,0.0,0.0
639,57,57.0,0.0,0.0
640,49,49.0,0.0,0.0
641,49,49.0,0.0,0.0
642,53,53.0,0.0,0.0
643,57,57.0,0.0,0.0
644,55,55.0,0.0,0.0
645,74,74.0,0.0,0.0
646,70,70.0,0.0,0.0
647,72,72.0,0.0,0.0
648,74,74.0,0.0,0.0
649,87,87.0,0.0,0.0
650,55,55.0,0.0,0.0
651,58,58.0,0.0,0.0
652,55,55.0,0.0,0.0
653,53,53.0,0.0,0.0
654,58,58.0,0.0,0.0
655,57,57.0,0.0,0.0
656,54,54.0,0.0,0.0
657,47,47.0,0.0,0.0
658,53,53.0,0.0,0.0
659,53,53.0,0.0,0.0
660,47,47.0,0.0,0.0
661,58,58.0,0.0,0.0
662,54,54.0,0.0,0.0
663,51,51.0,0.0,0.0
664,55,55.0,0.0,0.0
665,54,54.0,0.0,0.0
666,51,51.0,0.0,0.0
667,56,56.0,0.0,0.0
668,60,60.0,0.0,0.0
669,61,61.0,0.0,0.0
670,60,60.0,0.0,0.0
671,52,52.0,0.0,0.0
672,72,72.0,0.0,0.0
673,78,78.0,0.0,0.0
674,73,73.0,0.0,0.0
675,75,75.0,0.0,0.0
676,75,75.0,0.0,0.0
677,81,81.0,0.0,0.0
678,58,58.0,0.0,0.0
679,57,57.0,0.0,0.0
680,62,62.0,0.0,0.0
681,66,66.0,0.0,0.0
682,63,63.0,0.0,0.0
683,67,67.0,0.0,0.0
684,74,74.0,0.0,0.0
685,47,47.0,0.0,0.0
686,65,65.0,0.0,0.0
687,57,57.0,0.0,0.0
688,55,55.0,0.0,0.0
689,56,56.0,0.0,0.0
690,54,54.0,0.0,0.0
691,49,49.0,0.0,0.0
692,53,49.621254105376096,3.378745894623904,6.8090699349290364
693,56,56.0,0.0,0.0
694,54,54.0,0.0,0.0
695,53,53.0,0.0,0.0
696,50,50.0,0.0,0.0
697,54,54.0,0.0,0.0
698,61,61.0,0.0,0.0
699,54,54.0,0.0,0.0
700,65,65.0,0.0,0.0
701,63,63.0,0.0,0.0
702,61,61.0,0.0,0.0
703,50,50.0,0.0,0.0
704,48,48.0,0.0,0.0
705,53,53.0,0.0,0.0
706,48,48.0,0.0,0.0
707,54,54.0,0.0,0.0
708,49,49.0,0.0,0.0
709,49,49.0,0.0,0.0
710,45,45.0,0.0,0.0
711,46,46.0,0.0,0.0
712,43,43.0,0.0,0.0
713,57,57.0,0.0,0.0
714,52,52.0,0.0,0.0
715,52,52.0,0.0,0.0
716,51,51.0,0.0,0.0
717,58,58.0,0.0,0.0
718,49,49.0,0.0,0.0
719,57,57.0,0.0,0.0
720,60,60.0,0.0,0.0
721,53,53.0,0.0,0.0
722,58,58.0,0.0,0.0
723,66,66.0,0.0,0.0
724,63,63.0,0.0,0.0
725,70,70.0,0.0,0.0
726,66,66.0,0.0,0.0
727,80,80.0,0.0,0.0
728,62,62.0,0.0,0.0
729,51,51.0,0.0,0.0
730,59,59.0,0.0,0.0
731,55,55.0,0.0,0.0
732,65,65.0,0.0,0.0
733,58,58.0,0.0,0.0
734,60,60.0,0.0,0.0
735,61,61.0,0.0,0.0
736,45,45.0,0.0,0.0
737,48,48.0,0.0,0.0
738,48,48.0,0.0,0.0
739,52,52.0,0.0,0.0
740,56,56.0,0.0,0.0
741,56,56.0,0.0,0.0
742,56,56.0,0.0,0.0
743,54,60.317091836421355,-6.317091836421355,-10.473137288437531
744,63,63.0,0.0,0.0
745,60,60.0,0.0,0.0
746,61,61.0,0.0,0.0
747,58,58.0,0.0,0.0
748,54,54.0,0.0,0.0
749,51,51.0,0.0,0.0
750,56,56.0,0.0,0.0
751,53,53.0,0.0,0.0
752,54,54.0,0.0,0.0
753,52,52.0,0.0,0.0
754,75,75.0,0.0,0.0
755,82,82.0,0.0,0.0
756,78,78.0,0.0,0.0
757,78,78.0,0.0,0.0
758,76,76.0,0.0,0.0
759,73,73.0,0.0,0.0
760,70,70.0,0.0,0.0
761,60,60.0,0.0,0.0
762,62,62.0,0.0,0.0
763,50,50.0,0.0,0.0
764,66,66.0,0.0,0.0
765,67,67.0,0.0,0.0
766,57,57.0,0.0,0.0
767,55,55.0,0.0,0.0
768,54,54.0,0.0,0.0
769,60,60.0,0.0,0.0
770,62,62.0,0.0,0.0
771,70,70.0,0.0,0.0
772,67,67.0,0.0,0.0
773,78,78.0,0.0,0.0
774,52,52.0,0.0,0.0
775,60,60.0,0.0,0.0
776,50,50.0,0.0,0.0
777,54,54.0,0.0,0.0
778,48,48.0,0.0,0.0
779,57,57.0,0.0,0.0
780,58,58.0,0.0,0.0
781,49,49.0,0.0,0.0
782,51,51.0,0.0,0.0
783,53,53.0,0.0,0.0
784,55,55.0,0.0,0.0
785,58,57.3144701117101,0.6855298882898992,1.1960851892266495
786,55,55.0,0.0,0.0
787,58,58.0,0.0,0.0
788,72,72.0,0.0,0.0
789,66,66.0,0.0,0.0
790,69,69.0,0.0,0.0
791,68,68.0,0.0,0.0
792,65,65.0,0.0,0.0
793,57,57.0,0.0,0.0
794,52,52.0,0.0,0.0
795,46,46.0,0.0,0.0
796,44,44.0,0.0,0.0
797,49,49.0,0.0,0.0
798,50,50.0,0.0,0.0
799,48,48.0,0.0,0.0
800,52,52.0,0.0,0.0
801,48,48.0,0.0,0.0
802,55,55.0,0.0,0.0
803,55,55.0,0.0,0.0
804,65,65.0,0.0,0.0
805,65,65.0,0.0,0.0
806,64,64.0,0.0,0.0
807,60,60.0,0.0,0.0
808,57,57.0,0.0,0.0
809,57,57.0,0.0,0.0
810,55,55.0,0.0,0.0
811,53,53.0,0.0,0.0
812,51,51.0,0.0,0.0
813,50,50.0,0.0,0.0
814,56,56.0,0.0,0.0
815,63,63.0,0.0,0.0
816,65,65.0,0.0,0.0
817,63,63.0,0.0,0.0
818,70,70.0,0.0,0.0
819,69,69.0,0.0,0.0
820,57,57.0,0.0,0.0
821,60,60.0,0.0,0.0
822,65,65.0,0.0,0.0
823,68,68.0,0.0,0.0
824,72,72.0,0.0,0.0
825,62,62.0,0.0,0.0
826,56,56.0,0.0,0.0
827,53,53.0,0.0,0.0
828,53,53.0,0.0,0.0
829,53,53.0,0.0,0.0
830,57,57.0,0.0,0.0
831,61,61.0,0.0,0.0
832,54,54.0,0.0,0.0
833,57,57.0,0.0,0.0
834,61,61.0,0.0,0.0
835,55,55.0,0.0,0.0
836,58,58.0,0.0,0.0
837,63,63.0,0.0,0.0
838,56,56.0,0.0,0.0
839,55,55.0,0.0,0.0
840,65,65.0,0.0,0.0
841,60,60.0,0.0,0.0
842,58,58.0,0.0,0.0
843,78,78.0,0.0,0.0
844,66,66.0,0.0,0.0
845,72,72.0,0.0,0.0
846,70,70.0,0.0,0.0
847,76,76.0,0.0,0.0
848,74,74.0,0.0,0.0
849,80,80.0,0.0,0.0
850,74,74.0,0.0,0.0
851,71,71.0,0.0,0.0
852,68,68.0,0.0,0.0
853,63,63.0,0.0,0.0
854,54,59.112535802864855,-5.112535802864855,-8.648818280972948
855,64,64.0,0.0,0.0
856,56,56.0,0.0,0.0
857,57,57.0,0.0,0.0
858,58,58.0,0.0,0.0
859,52,52.0,0.0,0.0
860,59,59.0,0.0,0.0
861,55,55.0,0.0,0.0
862,50,50.0,0.0,0.0
863,50,50.0,0.0,0.0
864,56,56.0,0.0,0.0
865,52,52.0,0.0,0.0
866,60,60.0,0.0,0.0
867,48,48.0,0.0,0.0
868,56,56.0,0.0,0.0
869,57,57.0,0.0,0.0
870,58,58.0,0.0,0.0
871,61,61.0,0.0,0.0
872,56,56.0,0.0,0.0
873,55,55.0,0.0,0.0
874,54,54.0,0.0,0.0
875,64,64.0,0.0,0.0
876,69,69.0,0.0,0.0
877,67,67.0,0.0,0.0
878,63,63.0,0.0,0.0
879,66,66.0,0.0,0.0
880,54,54.0,0.0,0.0
881,51,51.0,0.0,0.0
882,49,49.0,0.0,0.0
883,57,57.0,0.0,0.0
884,50,50.0,0.0,0.0
885,50,50.0,0.0,0.0
886,49,49.0,0.0,0.0
887,58,58.0,0.0,0.0
888,54,54.0,0.0,0.0
889,49,49.0,0.0,0.0
890,55,55.0,0.0,0.0
891,56,56.0,0.0,0.0
892,65,65.0,0.0,0.0
893,63,63.0,0.0,0.0
894,67,67.0,0.0,0.0
895,63,63.0,0.0,0.0
896,68,68.0,0.0,0.0
897,48,48.0,0.0,0.0
898,48,56.22955267162133,-8.229552671621327,-14.635636032322068
899,49,49.0,0.0,0.0
900,52,52.0,0.0,0.0
901,47,47.0,0.0,0.0
902,52,52.0,0.0,0.0
903,70,70.0,0.0,0.0
904,77,77.0,0.0,0.0
905,70,70.0,0.0,0.0
906,66,66.0,0.0,0.0
907,71,71.0,0.0,0.0
908,77,77.0,0.0,0.0
909,56,56.0,0.0,0.0
910,58,57.54961780718467,0.45038219281533287,0.7825980605541152
911,58,58.0,0.0,0.0
912,58,58.0,0.0,0.0
913,59,59.0,0.0,0.0
914,54,54.0,0.0,0.0
915,56,56.0,0.0,0.0
916,47,47.0,0.0,0.0
917,49,49.0,0.0,0.0
918,52,52.0,0.0,0.0
919,52,52.0,0.0,0.0
920,50,50.0,0.0,0.0
921,52,52.0,0.0,0.0
922,63,63.0,0.0,0.0
923,53,53.0,0.0,0.0
924,57,57.0,0.0,0.0
925,54,54.0,0.0,0.0
926,57,57.0,0.0,0.0
927,62,62.0,0.0,0.0
928,61,61.0,0.0,0.0
929,67,67.0,0.0,0.0
930,65,65.0,0.0,0.0
931,52,52.0,0.0,0.0
932,70,70.0,0.0,0.0
933,70,70.0,0.0,0.0
934,66,66.0,0.0,0.0
935,66,66.0,0.0,0.0
936,64,64.0,0.0,0.0
937,78,78.0,0.0,0.0
938,67,67.0,0.0,0.0
939,65,65.0,0.0,0.0
940,75,75.0,0.0,0.0
941,77,77.0,0.0,0.0
942,55,55.0,0.0,0.0
943,59,59.0,0.0,0.0
944,61,61.0,0.0,0.0
945,56,56.0,0.0,0.0
946,49,49.0,0.0,0.0
947,65,65.0,0.0,0.0
948,49,49.0,0.0,0.0
949,60,60.0,0.0,0.0
950,68,68.0,0.0,0.0
951,61,61.0,0.0,0.0
952,56,56.0,0.0,0.0
953,50,50.0,0.0,0.0
954,51,51.0,0.0,0.0
955,50,50.0,0.0,0.0
956,57,57.0,0.0,0.0
957,59,59.0,0.0,0.0
958,62,62.0,0.0,0.0
959,63,63.0,0.0,0.0
960,54,54.0,0.0,0.0
961,54,54.0,0.0,0.0
962,49,49.0,0.0,0.0
963,53,53.0,0.0,0.0
964,60,60.0,0.0,0.0
965,56,56.0,0.0,0.0
966,53,53.0,0.0,0.0
967,57,57.0,0.0,0.0
968,68,68.0,0.0,0.0
969,78,78.0,0.0,0.0
970,71,71.0,0.0,0.0
971,58,58.0,0.0,0.0
972,53,53.0,0.0,0.0
973,54,54.0,0.0,0.0
974,57,57.0,0.0,0.0
975,71,71.0,0.0,0.0
976,62,62.0,0.0,0.0
977,53,53.0,0.0,0.0
978,55,55.0,0.0,0.0
979,57,57.0,0.0,0.0
980,55,55.0,0.0,0.0
981,51,51.0,0.0,0.0
982,50,50.0,0.0,0.0
983,47,47.0,0.0,0.0
984,48,48.0,0.0,0.0
985,55,55.0,0.0,0.0
986,52,52.0,0.0,0.0
987,59,59.0,0.0,0.0
988,54,54.0,0.0,0.0
989,48,48.0,0.0,0.0
990,56,56.0,0.0,0.0
991,49,49.0,0.0,0.0
992,57,57.0,0.0,0.0
993,55,55.0,0.0,0.0
994,57,57.0,0.0,0.0
995,55,55.0,0.0,0.0
996,80,80.0,0.0,0.0
997,77,77.0,0.0,0.0
998,75,75.0,0.0,0.0
999,48,48.0,0.0,0.0
1000,62,62.0,0.0,0.0
1001,53,53.0,0.0,0.0
1002,54,54.0,0.0,0.0
1003,52,52.0,0.0,0.0
1004,55,55.0,0.0,0.0
1005,53,53.0,0.0,0.0
1006,64,64.0,0.0,0.0
1007,56,56.0,0.0,0.0
1008,74,74.0,0.0,0.0
1009,64,64.0,0.0,0.0
1010,53,53.0,0.0,0.0
1011,61,59.68796085527694,1.3120391447230588,2.198163793707593
1012,59,59.0,0.0,0.0
1013,61,61.0,0.0,0.0
1014,55,55.0,0.0,0.0
1015,51,51.0,0.0,0.0
1016,52,52.0,0.0,0.0
1017,69,69.0,0.0,0.0
1018,61,61.0,0.0,0.0
1019,58,58.0,0.0,0.0
1020,54,54.0,0.0,0.0
1021,64,64.0,0.0,0.0
1022,67,67.0,0.0,0.0
1023,54,54.0,0.0,0.0
1024,53,53.0,0.0,0.0
1025,52,52.0,0.0,0.0
1026,48,48.0,0.0,0.0
1027,52,52.0,0.0,0.0
1028,53,53.0,0.0,0.0
1029,62,62.0,0.0,0.0
1030,53,53.0,0.0,0.0
1031,49,49.0,0.0,0.0
1032,53,53.0,0.0,0.0
1033,57,57.0,0.0,0.0
1034,70,70.0,0.0,0.0
1035,60,60.0,0.0,0.0
1036,78,78.0,0.0,0.0
1037,58,58.0,0.0,0.0
1038,78,78.0,0.0,0.0
1039,77,77.0,0.0,0.0
1040,81,81.0,0.0,0.0
1041,86,86.0,0.0,0.0
1042,62,62.0,0.0,0.0
1043,54,54.0,0.0,0.0
1044,53,53.0,0.0,0.0
1045,53,53.0,0.0,0.0
1046,55,55.0,0.0,0.0
1047,55,55.0,0.0,0.0
1048,70,70.0,0.0,0.0
1049,59,59.0,0.0,0.0
1050,48,48.0,0.0,0.0
1051,45,45.0,0.0,0.0
1052,51,51.0,0.0,0.0
1053,51,51.0,0.0,0.0
1054,49,49.0,0.0,0.0
1055,48,48.0,0.0,0.0
1056,49,49.0,0.0,0.0
1057,59,59.0,0.0,0.0
1058,56,61.657274792185916,-5.657274792185916,-9.175356535386294
1059,64,64.0,0.0,0.0
1060,60,60.0,0.0,0.0
1061,51,51.0,0.0,0.0
1062,62,62.0,0.0,0.0
1063,61,61.0,0.0,0.0
1064,55,55.0,0.0,0.0
1065,53,53.0,0.0,0.0
1066,49,49.0,0.0,0.0
1067,50,50.0,0.0,0.0
1068,75,75.0,0.0,0.0
1069,49,49.0,0.0,0.0
1070,80,80.0,0.0,0.0
1071,82,82.0,0.0,0.0
1072,82,82.0,0.0,0.0
1073,81,81.0,0.0,0.0
1074,76,76.0,0.0,0.0
1075,81,81.0,0.0,0.0
1076,52,52.0,0.0,0.0
1077,56,56.0,0.0,0.0
1078,52,52.0,0.0,0.0
1079,59,59.0,0.0,0.0
1080,65,65.0,0.0,0.0
1081,76,76.0,0.0,0.0
1082,56,56.0,0.0,0.0
1083,56,56.0,0.0,0.0
1084,50,50.0,0.0,0.0
1085,54,54.0,0.0,0.0
1086,56,56.0,0.0,0.0
1087,57,57.0,0.0,0.0
1088,54,54.0,0.0,0.0
1089,56,56.0,0.0,0.0
1090,52,47.96007640885083,4.039923591149169,8.42351366730437
1091,56,56.0,0.0,0.0
1092,54,54.0,0.0,0.0
1093,49,49.0,0.0,0.0
1094,48,48.0,0.0,0.0
1095,52,52.0,0.0,0.0
1096,54,54.0,0.0,0.0
1097,57,57.0,0.0,0.0
1098,52,52.0,0.0,0.0
1099,56,56.0,0.0,0.0
1100,70,58.6808920239974,11.319107976002599,19.289256835723762
1101,52,52.0,0.0,0.0
1102,53,53.0,0.0,0.0
1103,56,56.0,0.0,0.0
1104,58,58.0,0.0,0.0
1105,80,80.0,0.0,0.0
1106,51,51.0,0.0,0.0
1107,52,52.0,0.0,0.0
1108,52,52.0,0.0,0.0
1109,51,51.0,0.0,0.0
1110,52,52.0,0.0,0.0
1111,54,56.26964046806746,-2.2696404680674576,-4.033508032373975
1112,77,63.84326457379838,13.156735426201621,20.60786758639723
1113,46,46.0,0.0,0.0
1114,53,53.0,0.0,0.0
1115,71,71.0,0.0,0.0
1116,60,60.0,0.0,0.0
1117,56,56.0,0.0,0.0
1118,56,56.0,0.0,0.0
1119,61,61.0,0.0,0.0
1120,56,56.0,0.0,0.0
1121,53,53.0,0.0,0.0
1122,59,59.0,0.0,0.0
1123,54,54.0,0.0,0.0
1124,67,67.0,0.0,0.0
1125,69,69.0,0.0,0.0
1126,75,75.0,0.0,0.0
1127,69,69.0,0.0,0.0
1128,72,72.0,0.0,0.0
1129,71,71.0,0.0,0.0
1130,65,65.0,0.0,0.0
1131,57,57.0,0.0,0.0
1132,57,57.0,0.0,0.0
1133,54,54.0,0.0,0.0
1134,57,57.0,0.0,0.0
1135,62,62.0,0.0,0.0
1136,58,58.0,0.0,0.0
1137,53,53.0,0.0,0.0
1138,51,51.0,0.0,0.0
1139,53,53.0,0.0,0.0
1140,53,53.0,0.0,0.0
1141,56,56.0,0.0,0.0
1142,57,57.0,0.0,0.0
1143,58,58.0,0.0,0.0
1144,51,51.0,0.0,0.0
1145,64,64.0,0.0,0.0
1146,63,63.0,0.0,0.0
1147,63,63.0,0.0,0.0
1148,55,55.0,0.0,0.0
1149,49,49.0,0.0,0.0
1150,48,48.0,0.0,0.0
1151,51,51.0,0.0,0.0
1152,54,54.0,0.0,0.0
1153,56,56.0,0.0,0.0
1154,59,59.0,0.0,0.0
1155,58,58.0,0.0,0.0
1156,74,65.59984806508201,8.400151934917986,12.805139314627898
1157,78,78.0,0.0,0.0
1158,73,73.0,0.0,0.0
1159,74,74.0,0.0,0.0
1160,71,71.0,0.0,0.0
1161,71,71.0,0.0,0.0
1162,58,58.0,0.0,0.0
1163,64,64.0,0.0,0.0
1164,67,67.0,0.0,0.0
1165,59,59.0,0.0,0.0
1166,63,63.0,0.0,0.0
1167,73,73.0,0.0,0.0
1168,55,55.0,0.0,0.0
1169,49,49.0,0.0,0.0
1170,47,47.0,0.0,0.0
1171,55,55.0,0.0,0.0
1172,46,46.0,0.0,0.0
1173,49,49.0,0.0,0.0
1174,49,49.0,0.0,0.0
1175,47,47.0,0.0,0.0
1176,51,51.0,0.0,0.0
1177,57,57.0,0.0,0.0
1178,53,53.0,0.0,0.0
1179,56,55.76252684302099,0.23747315697900717,0.42586512918886554
1180,55,55.0,0.0,0.0
1181,52,52.0,0.0,0.0
1182,58,58.0,0.0,0.0
1183,55,55.0,0.0,0.0
1184,57,57.0,0.0,0.0
1185,49,49.0,0.0,0.0
1186,67,67.0,0.0,0.0
1187,76,76.0,0.0,0.0
1188,70,70.0,0.0,0.0
1189,66,66.0,0.0,0.0
1190,68,68.0,0.0,0.0
1191,61,61.0,0.0,0.0
1192,58,58.0,0.0,0.0
1193,53,53.0,0.0,0.0
1194,52,52.0,0.0,0.0
1195,55,55.0,0.0,0.0
1196,47,47.0,0.0,0.0
1197,51,51.0,0.0,0.0
1198,50,50.0,0.0,0.0
1199,52,52.0,0.0,0.0
1200,54,54.0,0.0,0.0
1201,55,55.0,0.0,0.0
1202,54,54.0,0.0,0.0
1203,53,53.0,0.0,0.0
1204,63,63.0,0.0,0.0
1205,65,65.0,0.0,0.0
1206,60,60.0,0.0,0.0
1207,59,59.0,0.0,0.0
1208,53,53.0,0.0,0.0
1209,53,53.0,0.0,0.0
1210,52,52.0,0.0,0.0
1211,51,51.0,0.0,0.0
1212,57,57.0,0.0,0.0
1213,59,59.0,0.0,0.0
1214,53,53.0,0.0,0.0
1215,70,70.0,0.0,0.0
1216,70,70.0,0.0,0.0
1217,67,67.0,0.0,0.0
1218,76,76.0,0.0,0.0
1219,70,70.0,0.0,0.0
1220,70,70.0,0.0,0.0
1221,62,62.0,0.0,0.0
1222,55,55.0,0.0,0.0
1223,63,63.0,0.0,0.0
1224,60,60.0,0.0,0.0
1225,70,70.0,0.0,0.0
1226,55,55.0,0.0,0.0
1227,49,49.0,0.0,0.0
1228,51,51.0,0.0,0.0
1229,54,54.0,0.0,0.0
1230,61,61.0,0.0,0.0
1231,54,54.0,0.0,0.0
1232,55,55.0,0.0,0.0
1233,58,58.0,0.0,0.0
1234,63,63.0,0.0,0.0
1235,63,63.0,0.0,0.0
1236,58,58.0,0.0,0.0
1237,57,57.0,0.0,0.0
1238,60,60.0,0.0,0.0
1239,65,65.0,0.0,0.0
1240,53,53.0,0.0,0.0
1241,59,59.0,0.0,0.0
1242,58,58.0,0.0,0.0
1243,60,60.0,0.0,0.0
1244,56,56.0,0.0,0.0
1245,61,61.0,0.0,0.0
1246,58,58.0,0.0,0.0
1247,73,73.0,0.0,0.0
1248,71,71.0,0.0,0.0
1249,73,73.0,0.0,0.0
1250,68,68.0,0.0,0.0
1251,72,72.0,0.0,0.0
1252,72,72.0,0.0,0.0
1253,65,65.0,0.0,0.0
1254,64,64.0,0.0,0.0
1255,61,61.0,0.0,0.0
1256,56,56.0,0.0,0.0
1257,66,66.0,0.0,0.0
1258,78,78.0,0.0,0.0
1259,55,55.0,0.0,0.0
1260,47,47.0,0.0,0.0
1261,49,49.0,0.0,0.0
1262,49,49.0,0.0,0.0
1263,48,48.0,0.0,0.0
1264,54,54.0,0.0,0.0
1265,60,60.0,0.0,0.0
1266,51,51.0,0.0,0.0
1267,60,60.0,0.0,0.0
1268,57,57.0,0.0,0.0
1269,55,55.0,0.0,0.0
1270,68,68.0,0.0,0.0
1271,54,54.0,0.0,0.0
1272,56,56.0,0.0,0.0
1273,54,54.0,0.0,0.0
1274,61,61.0,0.0,0.0
1275,56,56.0,0.0,0.0
1276,48,48.0,0.0,0.0
1277,48,48.0,0.0,0.0
1278,50,50.0,0.0,0.0
1279,51,51.0,0.0,0.0
1280,56,56.0,0.0,0.0
1281,49,49.0,0.0,0.0
1282,50,50.0,0.0,0.0
1283,58,58.0,0.0,0.0
1284,57,57.0,0.0,0.0
1285,58,58.0,0.0,0.0
1286,59,59.0,0.0,0.0
1287,83,83.0,0.0,0.0
1288,59,59.0,0.0,0.0
1289,65,65.0,0.0,0.0
1290,59,58.61379605528502,0.3862039447149783,0.6588959779208082
1291,53,53.0,0.0,0.0
1292,51,51.0,0.0,0.0
1293,52,52.0,0.0,0.0
1294,56,56.0,0.0,0.0
1295,61,61.0,0.0,0.0
1296,56,56.0,0.0,0.0
1297,58,58.0,0.0,0.0
1298,76,76.0,0.0,0.0
1299,72,72.0,0.0,0.0
1300,77,77.0,0.0,0.0
1301,71,71.0,0.0,0.0
1302,74,74.0,0.0,0.0
1303,59,59.0,0.0,0.0
1304,53,53.0,0.0,0.0
1305,56,56.0,0.0,0.0
1306,61,61.0,0.0,0.0
1307,60,60.0,0.0,0.0
1308,55,55.0,0.0,0.0
1309,63,63.0,0.0,0.0
1310,53,53.0,0.0,0.0
1311,66,66.0,0.0,0.0
1312,61,61.0,0.0,0.0
1313,54,54.0,0.0,0.0
1314,55,55.0,0.0,0.0
1315,62,62.0,0.0,0.0
1316,57,57.0,0.0,0.0
1317,63,63.0,0.0,0.0
1318,62,62.0,0.0,0.0
1319,66,66.0,0.0,0.0
1320,62,62.0,0.0,0.0
1321,58,58.0,0.0,0.0
1322,67,67.0,0.0,0.0
1323,52,52.0,0.0,0.0
1324,49,49.0,0.0,0.0
1325,53,53.0,0.0,0.0
1326,57,57.0,0.0,0.0
1327,52,52.0,0.0,0.0
1328,76,76.0,0.0,0.0
1329,72,72.0,0.0,0.0
1330,67,67.0,0.0,0.0
1331,70,70.0,0.0,0.0
1332,70,70.0,0.0,0.0
1333,74,74.0,0.0,0.0
1334,71,71.0,0.0,0.0
1335,65,65.0,0.0,0.0
1336,56,56.0,0.0,0.0
1337,60,60.0,0.0,0.0
1338,57,57.0,0.0,0.0
1339,58,58.0,0.0,0.0
1340,52,52.0,0.0,0.0
1341,73,73.0,0.0,0.0
1342,49,49.0,0.0,0.0
1343,51,51.0,0.0,0.0
1344,59,59.0,0.0,0.0
1345,63,63.0,0.0,0.0
1346,54,54.0,0.0,0.0
1347,52,52.0,0.0,0.0
1348,53,53.0,0.0,0.0
1349,54,54.0,0.0,0.0
1350,54,54.0,0.0,0.0
1351,59,59.0,0.0,0.0
1352,57,57.0,0.0,0.0
1353,54,54.0,0.0,0.0
1354,53,53.0,0.0,0.0
1355,61,61.0,0.0,0.0
1356,52,52.0,0.0,0.0
1357,53,53.0,0.0,0.0
1358,64,64.0,0.0,0.0
1359,60,60.0,0.0,0.0
1360,52,52.0,0.0,0.0
1361,52,52.0,0.0,0.0
1362,58,58.0,0.0,0.0
1363,58,58.0,0.0,0.0
1364,55,55.0,0.0,0.0
1365,63,59.34346346516371,3.6565365348362917,6.161650030727954
1366,54,54.0,0.0,0.0
1367,56,56.0,0.0,0.0
1368,56,56.0,0.0,0.0
1369,57,57.0,0.0,0.0
1370,67,67.0,0.0,0.0
1371,61,61.0,0.0,0.0
1372,60,60.0,0.0,0.0
1373,50,50.0,0.0,0.0
1374,54,54.0,0.0,0.0
1375,53,53.0,0.0,0.0
1376,54,54.0,0.0,0.0
1377,52,52.0,0.0,0.0
1378,55,55.0,0.0,0.0
1379,54,54.0,0.0,0.0
1380,65,65.0,0.0,0.0
1381,70,70.0,0.0,0.0
1382,76,76.0,0.0,0.0
1383,70,70.0,0.0,0.0
1384,63,63.0,0.0,0.0
1385,64,64.0,0.0,0.0
1386,56,56.0,0.0,0.0
1387,57,57.0,0.0,0.0
1388,56,56.0,0.0,0.0
1389,55,55.49905254972451,-0.4990525497245102,-0.8992091338449119
1390,57,57.0,0.0,0.0
1391,57,57.0,0.0,0.0
1392,61,61.0,0.0,0.0
1393,56,56.0,0.0,0.0
1394,53,53.0,0.0,0.0
1395,54,54.0,0.0,0.0
1396,56,56.0,0.0,0.0
1397,50,50.0,0.0,0.0
1398,54,54.0,0.0,0.0
1399,53,55.30335194170324,-2.303351941703241,-4.1649409318467105
1400,62,61.323866626944834,0.6761333730551655,1.102561547803775
1401,59,58.04352365615692,0.9564763438430788,1.6478605770199848
1402,60,59.35388576239073,0.6461142376092681,1.0885795079968883
1403,58,58.0,0.0,0.0
1404,56,56.0,0.0,0.0
1405,59,59.0,0.0,0.0
1406,65,65.0,0.0,0.0
1407,56,56.0,0.0,0.0
1408,46,46.0,0.0,0.0
1409,51,51.0,0.0,0.0
1410,51,51.0,0.0,0.0
1411,46,46.0,0.0,0.0
1412,54,54.0,0.0,0.0
1413,48,48.0,0.0,0.0
1414,70,70.0,0.0,0.0
1415,71,71.0,0.0,0.0
1416,70,70.0,0.0,0.0
1417,76,76.0,0.0,0.0
1418,70,70.0,0.0,0.0
1419,70,70.0,0.0,0.0
1420,56,56.0,0.0,0.0
1421,63,63.0,0.0,0.0
1422,64,64.0,0.0,0.0
1423,56,56.0,0.0,0.0
1424,55,55.0,0.0,0.0
1425,64,64.0,0.0,0.0
1426,56,56.0,0.0,0.0
1427,52,52.0,0.0,0.0
1428,60,60.0,0.0,0.0
1429,55,55.0,0.0,0.0
1430,58,58.0,0.0,0.0
1431,50,50.0,0.0,0.0
1432,55,55.0,0.0,0.0
1433,49,49.0,0.0,0.0
1434,50,50.0,0.0,0.0
1435,49,49.0,0.0,0.0
1436,61,61.0,0.0,0.0
1437,51,51.0,0.0,0.0
1438,46,46.0,0.0,0.0
1439,51,51.0,0.0,0.0
1440,55,55.0,0.0,0.0
1441,55,55.0,0.0,0.0
1442,57,57.0,0.0,0.0
1443,55,55.0,0.0,0.0
1444,56,56.0,0.0,0.0
1445,55,55.0,0.0,0.0
1446,51,51.0,0.0,0.0
1447,61,61.0,0.0,0.0
1448,47,47.0,0.0,0.0
1449,51,51.0,0.0,0.0
1450,50,53.090696322156475,-3.090696322156475,-5.8215403757411766
1451,49,49.0,0.0,0.0
1452,51,51.0,0.0,0.0
1453,54,54.0,0.0,0.0
1454,59,59.0,0.0,0.0
1455,54,54.0,0.0,0.0
1456,50,50.0,0.0,0.0
1457,55,55.0,0.0,0.0
1458,55,55.0,0.0,0.0
1459,47,47.0,0.0,0.0
1460,45,45.0,0.0,0.0
1461,62,62.0,0.0,0.0
1462,70,70.0,0.0,0.0
1463,67,67.0,0.0,0.0
1464,70,70.0,0.0,0.0
1465,72,72.0,0.0,0.0
1466,59,59.0,0.0,0.0
1467,60,60.0,0.0,0.0
1468,58,57.79669697399825,0.20330302600174832,0.3517554404418835
1469,57,57.0,0.0,0.0
1470,60,60.0,0.0,0.0
1471,58,58.0,0.0,0.0
1472,64,64.0,0.0,0.0
1473,55,55.0,0.0,0.0
1474,53,53.0,0.0,0.0
1475,53,53.0,0.0,0.0
1476,61,61.0,0.0,0.0
1477,62,62.0,0.0,0.0
1478,65,60.47476509413961,4.525234905860387,7.4828482571467
1479,56,56.0,0.0,0.0
1480,63,63.0,0.0,0.0
1481,63,63.0,0.0,0.0
1482,56,56.0,0.0,0.0
1483,60,60.0,0.0,0.0
1484,60,60.0,0.0,0.0
1485,54,54.0,0.0,0.0
1486,52,52.0,0.0,0.0
1487,65,65.0,0.0,0.0
1488,57,60.464008092155424,-3.4640080921554244,-5.729041460294531
1489,60,60.0,0.0,0.0
1490,58,58.0,0.0,0.0
1491,67,67.0,0.0,0.0
1492,60,60.0,0.0,0.0
1493,68,68.0,0.0,0.0
1494,69,69.0,0.0,0.0
1495,76,65.67260958074084,10.32739041925916,15.725567303005075
1496,69,69.0,0.0,0.0
1497,70,70.0,0.0,0.0
1498,69,69.0,0.0,0.0
1499,80,80.0,0.0,0.0
1500,63,63.0,0.0,0.0
1501,58,58.0,0.0,0.0
1502,55,55.0,0.0,0.0
1503,53,53.0,0.0,0.0
1504,57,57.0,0.0,0.0
1505,52,52.0,0.0,0.0
1506,57,57.0,0.0,0.0
1507,53,53.0,0.0,0.0
1508,48,48.0,0.0,0.0
1509,50,50.0,0.0,0.0
1510,51,51.0,0.0,0.0
1511,56,56.0,0.0,0.0
1512,50,50.0,0.0,0.0
1513,47,47.0,0.0,0.0
1514,49,49.0,0.0,0.0
1515,50,50.0,0.0,0.0
1516,56,56.0,0.0,0.0
1517,54,54.0,0.0,0.0
1518,58,58.0,0.0,0.0
1519,71,71.0,0.0,0.0
1520,60,60.0,0.0,0.0
1521,51,51.0,0.0,0.0
1522,50,50.0,0.0,0.0
1523,51,51.0,0.0,0.0
1524,50,50.0,0.0,0.0
1525,50,50.0,0.0,0.0
1526,53,53.0,0.0,0.0
1527,51,51.0,0.0,0.0
1528,51,51.0,0.0,0.0
1529,52,52.0,0.0,0.0
1530,57,57.0,0.0,0.0
1531,51,51.0,0.0,0.0
1532,54,54.0,0.0,0.0
1533,74,74.0,0.0,0.0
1534,56,56.0,0.0,0.0
1535,58,58.0,0.0,0.0
1536,59,59.0,0.0,0.0
1537,61,61.0,0.0,0.0
1538,69,69.0,0.0,0.0
1539,49,49.0,0.0,0.0
1540,55,55.0,0.0,0.0
1541,49,49.0,0.0,0.0
1542,50,50.0,0.0,0.0
1543,48,48.0,0.0,0.0
1544,49,49.0,0.0,0.0
1545,67,67.0,0.0,0.0
1546,69,69.0,0.0,0.0
1547,70,70.0,0.0,0.0
1548,70,70.0,0.0,0.0
1549,75,75.0,0.0,0.0
1550,61,61.0,0.0,0.0
1551,59,59.0,0.0,0.0
1552,56,56.0,0.0,0.0
1553,56,56.0,0.0,0.0
1554,53,53.0,0.0,0.0
1555,56,56.0,0.0,0.0
1556,66,66.0,0.0,0.0
1557,63,63.0,0.0,0.0
1558,61,61.0,0.0,0.0
1559,56,56.0,0.0,0.0
1560,67,67.0,0.0,0.0
1561,59,59.0,0.0,0.0
1562,54,54.0,0.0,0.0
1563,63,63.0,0.0,0.0
1564,51,51.0,0.0,0.0
1565,51,51.0,0.0,0.0
1566,64,64.0,0.0,0.0
1567,57,57.0,0.0,0.0
1568,57,57.0,0.0,0.0
1569,60,60.0,0.0,0.0
1570,70,66.27474316016773,3.7252568398322694,5.620929877961735
1571,57,57.0,0.0,0.0
1572,85,85.0,0.0,0.0
1573,65,65.0,0.0,0.0
1574,70,70.0,0.0,0.0
1575,71,71.0,0.0,0.0
1576,69,69.0,0.0,0.0
1577,71,71.0,0.0,0.0
1578,70,70.0,0.0,0.0
1579,77,77.0,0.0,0.0
1580,64,66.77111509821958,-2.771115098219582,-4.15017046539256
1581,70,70.0,0.0,0.0
1582,54,54.0,0.0,0.0
1583,66,66.0,0.0,0.0
1584,51,51.0,0.0,0.0
1585,58,58.0,0.0,0.0
1586,50,50.0,0.0,0.0
1587,48,48.0,0.0,0.0
1588,46,46.0,0.0,0.0
1589,49,49.0,0.0,0.0
1590,49,42.3192590674683,6.680740932531698,15.786526228828338
1591,54,54.0,0.0,0.0
1592,54,54.0,0.0,0.0
1593,57,57.0,0.0,0.0
1594,56,56.0,0.0,0.0
1595,53,53.0,0.0,0.0
1596,49,49.0,0.0,0.0
1597,47,47.0,0.0,0.0
1598,48,48.0,0.0,0.0
1599,53,53.0,0.0,0.0
1600,50,54.02122572275703,-4.0212257227570305,-7.443788379394444
1601,51,51.0,0.0,0.0
1602,60,60.0,0.0,0.0
1603,55,55.0,0.0,0.0
1604,56,56.0,0.0,0.0
1605,67,67.0,0.0,0.0
1606,62,62.0,0.0,0.0
1607,80,80.0,0.0,0.0
1608,50,50.0,0.0,0.0
1609,55,55.0,0.0,0.0
1610,50,50.0,0.0,0.0
1611,55,55.0,0.0,0.0
1612,60,60.0,0.0,0.0
1613,50,50.0,0.0,0.0
1614,52,52.0,0.0,0.0
1615,82,82.0,0.0,0.0
1616,87,87.0,0.0,0.0
1617,75,75.0,0.0,0.0
1618,62,62.0,0.0,0.0
1619,62,62.0,0.0,0.0
1620,63,63.0,0.0,0.0
1621,59,59.0,0.0,0.0
1622,53,53.0,0.0,0.0
1623,54,54.0,0.0,0.0
1624,55,55.201943630551725,-0.2019436305517246,-0.36582702939459205
1625,56,56.0,0.0,0.0
1626,57,57.0,0.0,0.0
1627,56,55.75177786083448,0.24822213916552016,0.44522730698404467
1628,51,51.0,0.0,0.0
1629,50,50.0,0.0,0.0
1630,54,54.0,0.0,0.0
1631,58,58.0,0.0,0.0
1632,65,65.0,0.0,0.0
1633,54,54.0,0.0,0.0
1634,57,57.0,0.0,0.0
1635,57,57.0,0.0,0.0
1636,56,56.0,0.0,0.0
1637,67,67.0,0.0,0.0
1638,68,68.0,0.0,0.0
1639,69,69.0,0.0,0.0
1640,72,72.0,0.0,0.0
1641,69,69.0,0.0,0.0
1642,75,75.0,0.0,0.0
1643,64,64.0,0.0,0.0
1644,56,56.0,0.0,0.0
1645,50,50.0,0.0,0.0
1646,48,48.0,0.0,0.0
1647,46,46.0,0.0,0.0
1648,51,51.0,0.0,0.0
1649,45,45.0,0.0,0.0
1650,54,54.0,0.0,0.0
1651,51,51.0,0.0,0.0
1652,48,48.0,0.0,0.0
1653,53,53.0,0.0,0.0
1654,51,51.0,0.0,0.0
1655,64,64.0,0.0,0.0
1656,54,54.0,0.0,0.0
1657,60,60.0,0.0,0.0
1658,54,54.0,0.0,0.0
1659,54,54.0,0.0,0.0
1660,57,57.0,0.0,0.0
1661,58,58.0,0.0,0.0
1662,60,60.0,0.0,0.0
1663,58,58.0,0.0,0.0
1664,58,58.0,0.0,0.0
1665,67,67.0,0.0,0.0
1666,60,60.0,0.0,0.0
1667,49,49.0,0.0,0.0
1668,58,58.0,0.0,0.0
1669,59,59.0,0.0,0.0
1670,51,51.0,0.0,0.0
1671,51,51.0,0.0,0.0
1672,71,71.0,0.0,0.0
1673,62,62.0,0.0,0.0
1674,78,78.0,0.0,0.0
1675,84,84.0,0.0,0.0
1676,51,51.0,0.0,0.0
1677,48,48.0,0.0,0.0
1678,48,49.83031546881076,-1.8303154688107597,-3.6730962900613595
1679,55,55.0,0.0,0.0
1680,55,55.0,0.0,0.0
1681,53,53.0,0.0,0.0
1682,52,57.160594309380855,-5.160594309380855,-9.02823767270371
1683,53,53.0,0.0,0.0
1684,49,49.0,0.0,0.0
1685,50,50.0,0.0,0.0
1686,58,58.0,0.0,0.0
1687,58,58.0,0.0,0.0
1688,55,55.0,0.0,0.0
1689,51,51.0,0.0,0.0
1690,51,51.0,0.0,0.0
1691,54,54.0,0.0,0.0
1692,51,51.0,0.0,0.0
1693,68,68.0,0.0,0.0
1694,66,66.0,0.0,0.0
1695,66,66.0,0.0,0.0
1696,70,70.0,0.0,0.0
1697,66,66.0,0.0,0.0
1698,52,52.0,0.0,0.0
1699,53,50.20879074551215,2.7912092544878533,5.559204300767475
1700,49,42.35314820421532,6.646851795784677,15.693878914822038
1701,69,69.0,0.0,0.0
1702,53,53.0,0.0,0.0
1703,64,64.0,0.0,0.0
1704,55,55.0,0.0,0.0
1705,56,56.0,0.0,0.0
1706,57,57.0,0.0,0.0
1707,65,65.0,0.0,0.0
1708,62,62.0,0.0,0.0
1709,59,59.0,0.0,0.0
1710,64,57.14466699644188,6.855333003558123,11.996452799322412
1711,53,53.0,0.0,0.0
1712,55,55.0,0.0,0.0
1713,58,58.0,0.0,0.0
1714,58,58.0,0.0,0.0
1715,58,58.0,0.0,0.0
1716,52,52.0,0.0,0.0
1717,53,53.0,0.0,0.0
1718,52,52.0,0.0,0.0
1719,57,57.0,0.0,0.0
1720,48,48.0,0.0,0.0
1721,60,60.0,0.0,0.0
1722,57,57.0,0.0,0.0
1723,50,50.0,0.0,0.0
1724,51,51.0,0.0,0.0
1725,58,58.0,0.0,0.0
1726,72,72.0,0.0,0.0
1727,50,50.0,0.0,0.0
1728,55,55.0,0.0,0.0
1729,51,51.0,0.0,0.0
1730,82,82.0,0.0,0.0
1731,57,57.0,0.0,0.0
1732,61,61.0,0.0,0.0
1733,51,51.0,0.0,0.0
1734,56,56.0,0.0,0.0
1735,58,58.0,0.0,0.0
1736,68,68.0,0.0,0.0
1737,49,49.0,0.0,0.0
1738,64,57.67121575045131,6.32878424954869,10.973904689184852
1739,66,66.0,0.0,0.0
1740,52,52.0,0.0,0.0
1741,53,53.0,0.0,0.0
1742,57,57.0,0.0,0.0
1743,49,58.874433916173146,-9.874433916173146,-16.772023541207385
1744,54,54.0,0.0,0.0
1745,48,48.0,0.0,0.0
1746,52,52.0,0.0,0.0
1747,51,51.0,0.0,0.0
1748,54,54.0,0.0,0.0
1749,59,59.0,0.0,0.0
1750,55,55.0,0.0,0.0
1751,71,71.0,0.0,0.0
1752,73,73.0,0.0,0.0
1753,70,70.0,0.0,0.0
1754,69,69.0,0.0,0.0
1755,68,68.0,0.0,0.0
1756,55,55.0,0.0,0.0
1757,49,49.0,0.0,0.0
1758,53,53.0,0.0,0.0
1759,52,52.0,0.0,0.0
1760,48,48.0,0.0,0.0
1761,60,60.0,0.0,0.0
1762,62,62.0,0.0,0.0
1763,67,67.0,0.0,0.0
1764,73,73.0,0.0,0.0
1765,61,61.0,0.0,0.0
1766,60,60.0,0.0,0.0
1767,70,70.0,0.0,0.0
1768,58,53.87230071866685,4.12769928133315,7.662006682968517
1769,69,69.0,0.0,0.0
1770,77,77.0,0.0,0.0
1771,67,67.0,0.0,0.0
1772,60,60.0,0.0,0.0
1773,65,65.0,0.0,0.0
1774,64,64.0,0.0,0.0
1775,54,54.0,0.0,0.0
1776,55,55.0,0.0,0.0
1777,55,55.0,0.0,0.0
1778,58,58.0,0.0,0.0
1779,54,54.0,0.0,0.0
1780,53,53.0,0.0,0.0
1781,66,66.0,0.0,0.0
1782,72,72.0,0.0,0.0
1783,59,59.0,0.0,0.0
1784,57,57.0,0.0,0.0
1785,61,61.0,0.0,0.0
1786,61,61.0,0.0,0.0
1787,57,57.0,0.0,0.0
1788,50,50.0,0.0,0.0
1789,54,54.0,0.0,0.0
1790,50,50.0,0.0,0.0
1791,58,58.0,0.0,0.0
1792,62,62.0,0.0,0.0
1793,68,68.0,0.0,0.0
1794,55,59.01035782625314,-4.010357826253141,-6.796023569389324
1795,65,65.0,0.0,0.0
1796,62,62.0,0.0,0.0
1797,73,73.0,0.0,0.0
1798,64,64.0,0.0,0.0
1799,67,67.0,0.0,0.0
1800,63,57.08821290460115,5.91178709539885,10.355530142934946
1801,65,65.0,0.0,0.0
1802,70,70.0,0.0,0.0
1803,68,68.0,0.0,0.0
1804,63,63.0,0.0,0.0
1805,64,60.17530654210164,3.8246934578983627,6.355918528179689
1806,57,57.0,0.0,0.0
1807,56,56.0,0.0,0.0
1808,52,52.0,0.0,0.0
1809,64,64.0,0.0,0.0
