,DetWake Periods,DetSleep Consistency,DetRespiratory Rate,DetTotal Cycle Sleep Time (hours),DetREM Percentage,DetDeep Sleep Percentage,DetRestorative Sleep (hours),DetRestorative Sleep (%)
0,8.0,76.0,15.0,7.18,22.6,20.8,3.34,43.3
1,10.0,74.0,16.1719,6.04,33.3,15.0,3.22,48.3
2,12.0,74.0,16.1133,8.1,33.3,10.4,3.86,43.7
3,8.0,62.0,15.3223,7.4,31.6,23.2,4.25,54.8
4,15.0,72.0,15.498,7.43,25.2,22.8,4.17,48.0
5,11.0,58.0,15.9961,6.8,52.8,22.0,5.61,74.8
6,9.0,73.0,16.1133,5.64,25.7,16.5,3.1,42.2
7,11.0,41.0,17.1094,8.19,36.7,22.1,5.11,58.8
8,8.0,63.0,16.6992,7.01,38.3,19.3,4.24,57.5
9,9.0,64.0,17.5195,5.82,37.3,23.7,3.84,61.0
10,10.0,72.0,15.9375,9.42,25.2,17.3,4.59,42.5
11,11.268572720614685,55.0,15.7617,6.66,30.5,26.4,3.19,56.9
12,4.0,63.0,16.582,9.98,33.0,21.1,4.7,54.1
13,7.839086126925295,54.0,16.2598,9.93,24.9,24.2,4.3,49.0
14,11.0,63.0,16.0547,8.24,16.3,24.2,3.68,40.4
15,7.0,47.0,16.6992,9.19,30.9,21.6,5.15,52.5
16,9.644572970376856,58.0,16.6406,6.94,24.5,23.1,3.42,47.6
17,12.0,58.0,16.6992,8.59,24.1,23.0,4.3,47.1
18,8.0,62.0,17.2266,5.6,31.9,28.9,3.7,60.9
19,10.0,72.0,16.875,6.89,17.9,21.5,2.99,39.4
20,14.0,62.0,16.6113,7.29,26.7,22.3,4.16,49.0
21,5.0,57.0,16.6992,4.13,32.2,22.9,2.62,55.2
22,8.0,72.0,17.2852,7.69,23.3,25.4,4.04,48.7
23,10.0,77.0,16.9336,5.95,27.1,18.0,2.9,45.1
24,12.003436324850291,52.0,15.7324,8.36,27.3,17.4,3.88,44.6
25,9.0,60.0,15.2344,7.38,29.0,15.7,3.45,44.6
26,12.0,66.0,15.4102,7.7,23.4,16.9,3.36,40.3
27,12.0,61.0,14.8828,7.71,12.8,18.5,2.32,31.3
28,15.0,71.0,14.7656,8.28,22.5,21.5,3.93,43.9
29,8.0,67.0,15.5566,8.09,16.5,18.9,3.3,35.4
30,12.0,71.0,15.3809,8.28,17.4,15.9,2.99,33.3
31,12.0,69.0,17.2559,7.85,26.7,22.3,4.11,49.0
32,11.0,80.0,17.4316,7.33,43.1,20.2,4.98,63.4
33,2.0,78.0,17.3438,6.37,35.1,22.0,3.71,57.1
34,9.010212817765321,46.0,17.4609,6.34,43.7,19.5,4.15,63.2
35,12.036264607121872,49.0,16.075,5.11,11.2,17.0,1.39,28.2
36,8.0,52.0,18.3398,4.11,21.8,17.4,1.98,39.2
37,9.0,54.0,17.1826,7.58,15.3,4.8,1.68,20.1
38,8.682047116800234,53.0,16.9336,5.21,50.7,14.9,3.53,65.6
39,16.0,60.0,17.3438,5.98,26.1,24.0,3.61,50.1
40,11.0,59.0,16.7578,8.24,15.0,9.4,2.15,24.4
41,7.0,51.0,18.5156,6.1,6.6,26.8,2.17,33.4
42,19.0,65.23166110725788,18.9551,6.66,21.9,19.9,3.47,41.8
43,14.0,68.12766043570628,18.8086,6.72,12.3,16.1,2.1,28.3
44,15.0,83.0,19.043,6.22,7.7,25.7,2.29,33.4
45,14.0,75.0,18.0469,6.23,16.2,11.0,1.9,27.2
46,8.803597261882807,77.0,18.9844,8.1,30.5,16.4,3.92,46.9
47,12.81527203103424,85.0,19.5703,7.01,25.4,18.6,3.24,44.0
48,9.874570414438615,79.0,19.3066,8.25,41.5,19.2,5.16,60.6
49,7.0,73.0,19.3945,9.2,39.5,16.0,5.42,55.5
50,9.0,77.0,18.8672,7.9,34.9,22.2,4.76,57.1
51,13.0,80.0,18.6914,7.93,40.1,10.4,4.37,50.5
52,9.0,80.0,18.5156,8.08,30.9,15.4,3.94,46.4
53,10.0,41.0,18.6328,8.74,25.2,19.9,4.26,45.0
54,9.0,57.0,19.3945,7.2,33.8,16.4,3.99,50.2
55,8.16333634951203,61.0,18.9551,4.6,11.6,7.6,0.91,19.2
56,13.0,60.0,15.3516,7.52,29.7,10.9,3.39,40.6
57,8.0,70.0,15.1758,6.37,36.0,13.6,3.36,49.6
58,6.0,74.0,14.8828,8.19,33.2,10.2,3.83,43.4
59,8.0,73.0,16.2305,7.65,34.9,11.6,3.85,46.5
60,13.92069914723831,81.0,15.8789,7.08,36.5,19.8,4.24,56.2
61,17.0,36.0,15.2344,7.38,30.4,13.1,3.68,43.6
62,15.0,56.0,15.790999999999999,7.91,23.1,14.9,3.39,38.1
63,19.0,67.37967967040439,15.6738,4.7,33.0,21.9,3.19,54.9
64,18.0,68.38493393454053,14.8242,5.56,34.2,23.9,3.89,58.1
65,16.0,65.4234608222275,14.9414,7.36,32.5,14.9,3.81,47.4
66,14.0,76.0,14.2969,5.24,26.6,19.8,2.72,46.4
67,11.0,35.0,16.5234,2.85,19.2,23.3,1.53,42.5
68,10.0,74.0,17.5195,7.62,17.4,15.7,2.66,33.0
69,21.0,75.0,17.6074,7.05,26.6,21.2,3.81,47.8
70,20.0,70.0,17.5195,9.67,27.9,16.3,4.12,44.2
71,13.998085098285436,74.0,17.5195,9.45,22.2,21.0,4.28,43.3
72,14.0,77.0,17.8125,6.23,21.2,14.9,2.62,36.1
73,16.0,42.0,17.7832,7.5,17.9,18.4,2.98,36.3
74,22.0,62.0,17.5781,9.56,21.8,19.4,4.33,41.3
75,10.0,54.0,15.4395,7.96,21.9,13.8,2.98,35.6
76,8.0,67.0,15.9375,6.04,33.8,17.4,3.33,51.2
77,11.0,62.0,15.6445,7.96,30.2,17.3,4.14,47.5
78,15.0,42.0,15.5566,8.88,23.1,17.7,3.29,40.8
79,9.0,61.0,14.9414,6.8,27.9,17.4,3.07,45.3
80,10.0,72.0,16.2891,6.22,24.7,21.3,3.13,46.0
81,9.0,57.0,15.8789,8.89,21.1,12.4,2.7,33.5
82,24.0,63.84195587500652,17.6953,8.14,23.9,17.6,3.98,41.5
83,17.0,68.3023990709664,17.2559,7.31,16.6,20.6,3.32,37.1
84,12.88539680242711,83.0,14.9414,5.87,30.4,19.3,3.09,49.7
85,6.0,73.0,16.5234,5.11,34.9,16.6,2.82,51.6
86,8.0,71.0,16.4648,7.35,20.8,15.9,2.86,36.7
87,8.0,55.0,16.8164,4.48,26.4,10.8,1.83,37.1
88,15.0,63.0,17.0801,7.89,30.2,15.7,4.04,45.9
89,9.210672616089333,55.0,16.875,5.52,20.5,10.7,1.78,31.2
90,16.0,67.0,16.1719,6.5,32.4,24.3,4.44,56.7
91,8.0,69.09190128001381,17.5781,6.83,34.2,21.0,4.18,55.2
92,11.0,66.61722122000378,17.2266,5.64,33.6,19.0,3.43,52.7
93,13.0,66.229641779569,17.5781,4.1,31.4,19.6,2.58,51.0
94,6.0,72.0,17.0801,6.04,42.8,22.8,4.26,65.6
95,8.0,70.0,15.6445,6.31,27.6,21.0,3.26,48.7
96,9.01021772111573,61.0,15.8203,7.9,29.1,23.1,3.41,52.2
97,12.0,48.0,15.790999999999999,10.77,27.7,20.8,4.67,48.5
98,10.0,59.0,15.7031,7.93,27.8,20.1,4.03,47.9
99,7.0,68.0,16.4062,7.59,22.8,16.1,3.73,38.9
100,7.347846535188985,52.0,15.7031,4.16,21.3,21.7,1.84,43.0
101,7.0,69.0,15.3809,8.36,34.7,24.0,5.23,58.7
102,10.25798801133952,77.0,16.6406,6.91,31.8,15.8,3.4,47.6
103,3.0,75.0,16.4502,4.29,18.8,25.5,2.07,44.3
104,8.265388213485522,61.0,16.7578,6.88,32.4,23.6,2.92,55.9
105,12.0,63.0,16.9629,7.37,23.1,25.0,2.85,48.1
106,8.0,64.0,17.2559,5.28,24.3,25.7,2.3,50.0
107,15.0,50.0,16.9336,7.01,10.2,23.2,2.79,33.4
108,13.0,69.0,17.4023,5.78,27.1,14.9,2.93,42.0
109,4.0,78.0,16.1133,6.26,12.2,14.6,1.76,26.8
110,10.0,69.81679831046337,17.1094,7.98,34.8,23.1,4.96,57.9
111,5.0,64.64050606004268,17.373,7.58,34.4,20.0,3.89,54.3
112,9.0,71.15193873403979,17.7832,7.85,31.6,19.5,4.2,51.1
113,10.0,73.0,17.6367,8.49,34.2,17.0,4.13,51.2
114,8.581371146657212,67.0,17.4023,10.81,31.9,16.2,4.59,48.1
115,6.0,60.0,16.4355,5.31,21.9,15.4,2.13,37.4
116,8.577909672020674,68.0,16.6406,7.16,29.2,11.6,3.02,40.9
117,10.0,70.0,16.1133,7.97,36.2,13.5,4.13,49.6
118,3.0,72.0,16.6992,6.12,34.3,11.2,2.89,45.4
119,8.0,78.0,17.4023,5.3,41.3,12.8,3.09,54.0
120,6.0,67.0,17.2852,7.84,37.2,23.0,4.92,60.2
121,14.0,75.0,16.9922,7.82,28.8,17.6,3.9,46.4
122,12.0,77.0,18.4863,6.4,21.7,19.7,3.05,41.4
123,9.0,64.0,18.5156,5.27,23.2,23.4,2.65,46.6
124,17.0,75.0,18.5156,7.61,10.5,17.1,2.37,27.6
125,10.0,64.0,18.75,7.14,10.7,17.2,2.16,27.9
126,8.0,72.0,18.5742,6.27,19.8,17.7,2.5,37.6
127,15.0,76.0,18.2812,6.81,18.8,20.5,3.35,39.3
128,8.009125313721228,83.0,18.3984,7.82,37.6,6.7,3.56,44.3
129,9.544729627296228,85.0,18.9844,6.73,27.5,21.0,3.35,48.4
130,10.068343855901063,83.0,18.75,8.38,41.4,17.6,5.13,59.0
131,8.294128286917726,86.0,18.8965,8.07,35.6,26.3,5.11,61.9
132,10.366800062945877,60.0,18.9551,5.9,44.7,13.0,3.51,57.6
133,10.0,73.0,18.5156,8.25,23.9,18.2,3.77,42.2
134,13.0,67.0,15.0586,6.82,29.0,16.4,3.57,45.5
135,10.0,68.0,16.9043,5.17,27.6,12.2,2.29,39.8
136,7.0,58.0,16.875,7.12,36.4,14.8,3.88,51.1
137,10.0,64.0,17.0508,6.9,28.7,16.6,3.47,45.3
138,17.0,70.0,16.2891,7.89,29.8,19.8,4.23,49.6
139,8.0,29.0,16.2891,5.72,38.8,16.6,3.5,55.5
140,8.0,53.0,16.4648,7.02,44.5,15.4,4.51,59.9
141,13.0,64.66314237753909,14.1211,5.5,26.6,20.6,2.98,47.2
142,23.0,65.3216162452033,14.5898,7.12,28.3,15.3,3.62,43.7
143,10.0,65.55548362760257,14.8242,3.95,31.5,13.2,1.97,44.7
144,17.0,62.0,14.2383,7.71,31.6,21.7,4.64,53.3
145,16.0,67.54217057048803,15.8203,5.58,32.8,26.4,4.04,59.2
146,21.0,58.05594076016001,16.3184,5.66,18.2,16.9,2.66,35.1
147,16.0,59.0,15.9375,5.87,24.1,18.8,3.06,42.9
148,14.0,79.0,16.875,6.22,24.0,19.4,3.2,43.4
149,18.0,69.0,17.4023,7.52,14.2,17.9,2.69,32.0
150,19.0,65.0,17.4023,6.23,14.2,19.3,2.38,33.5
151,10.0,49.0,17.9883,6.23,21.8,25.3,2.44,47.1
152,20.429640345605904,63.0,17.6953,12.14,20.7,21.7,3.95,42.4
153,16.0,65.0,18.1055,6.37,17.5,12.2,2.12,29.7
154,14.0,29.0,18.0469,6.91,7.3,20.0,1.61,27.3
155,15.0,49.0,17.7539,5.59,12.7,24.0,2.37,36.7
156,11.0,68.0,15.3516,5.47,36.6,10.8,2.9,47.4
157,12.1194009529097,76.0,15.0879,7.12,33.6,16.1,3.71,49.7
158,7.3708241553041915,64.0,15.5859,5.97,46.2,17.0,3.86,63.2
159,10.0,68.0,14.9121,7.5,35.2,20.2,4.5,55.4
160,8.429093170160797,75.0,15.4395,5.44,33.6,14.7,2.72,48.3
161,5.0,36.0,16.9922,6.33,39.0,14.4,2.85,53.4
162,9.781329997001073,47.0,16.1133,6.57,25.3,19.4,2.35,44.7
163,18.0,63.0,16.1719,7.15,26.5,19.9,4.03,46.4
164,7.0,70.0,15.7617,5.43,27.4,18.5,2.73,45.9
165,7.0,72.0,15.7617,7.26,20.1,13.2,2.6,33.3
166,7.0,48.0,16.3477,7.07,32.8,7.5,3.0,40.3
167,8.0,62.0,15.9961,6.07,33.1,26.6,4.13,59.8
168,10.0,70.0,16.8164,6.79,43.0,16.5,4.43,59.5
169,17.0,44.0,16.875,11.67,30.8,19.2,4.45,49.9
170,7.0,43.0,17.0508,7.76,42.1,24.7,5.52,66.7
171,8.0,64.0,17.7539,4.18,17.0,14.4,1.9,31.4
172,20.0,66.82923740291201,17.8711,5.92,35.2,23.0,4.25,58.1
173,6.0,77.0,15.790999999999999,7.32,35.9,25.9,4.75,61.8
174,9.552230546378404,81.0,16.5234,5.95,33.7,22.1,3.46,55.8
175,6.0,75.0,16.4648,8.4,36.0,19.9,5.0,55.9
176,9.0,79.0,16.6992,8.93,30.6,19.2,4.69,49.8
177,10.0,77.0,16.6113,9.79,32.2,17.4,5.16,49.7
178,6.0,77.0,15.9375,6.65,29.9,22.1,3.62,52.0
179,9.536476802329908,78.0,15.9375,7.68,43.8,24.3,5.44,68.1
180,18.0,52.0,17.4316,8.34,13.1,14.4,2.92,27.5
181,8.0,49.0,17.2266,4.65,17.2,17.5,1.88,34.7
182,22.0,56.0,17.0508,9.56,13.0,21.2,3.98,34.2
183,13.0,61.0,17.4023,5.54,15.2,17.3,2.07,32.5
184,12.0,65.0,17.3438,5.23,23.9,15.7,2.29,39.6
185,14.0,65.0,17.5781,7.2,21.1,16.2,3.24,37.3
186,14.0,45.0,17.2266,7.18,28.5,18.2,3.69,46.7
187,11.0,43.0,17.4023,7.34,35.0,14.4,3.85,49.4
188,5.0,64.0,17.6367,6.68,41.3,20.8,4.36,62.1
189,8.265868136846706,75.0,17.9297,6.33,40.9,21.4,4.11,62.3
190,7.0,68.0,17.8711,5.54,22.8,20.0,2.59,42.7
191,8.0,53.0,17.2852,4.84,45.9,18.2,3.34,64.1
192,13.0,49.0,17.6367,7.13,23.1,22.7,3.89,45.8
193,7.0,58.0,17.5488,8.24,20.5,18.1,2.95,38.6
194,14.0,77.0,17.5195,7.07,16.1,19.1,2.82,35.3
195,12.0,50.0,17.5195,7.87,32.8,17.7,4.34,50.5
196,12.0,47.0,18.2812,7.85,13.4,18.5,2.5,31.8
197,17.0,59.0,18.2227,7.78,15.7,16.6,2.63,32.3
198,7.0,76.0,18.6035,8.09,40.6,15.8,4.74,56.4
199,7.736071251984043,72.0,19.2773,7.73,28.4,17.6,3.66,46.0
200,9.239603181527215,76.0,19.7461,9.09,31.5,16.2,4.47,47.8
201,14.0,54.0,15.9375,7.91,33.4,16.5,4.32,49.9
202,14.0,56.0,16.2012,6.0,12.6,13.6,1.64,26.2
203,9.0,60.0,17.1094,7.04,37.8,20.1,4.12,57.9
204,10.0,47.0,17.4023,7.05,27.4,12.3,3.1,39.7
205,14.017456537662724,47.0,17.3438,5.74,41.9,15.0,3.0,56.8
206,10.0,66.0,15.790999999999999,6.33,38.0,7.3,3.28,45.3
207,14.0,71.0,16.1133,8.18,31.9,12.9,3.92,44.8
208,18.0,68.0,14.9414,5.93,14.9,14.1,2.0,29.0
209,15.0,74.0,14.8242,5.22,30.0,19.9,3.06,49.8
210,18.0,77.0,14.8242,6.55,24.2,22.3,3.44,46.5
211,15.0,78.0,14.8535,5.92,38.0,21.2,3.99,59.3
212,25.0,82.0,15.6445,6.72,29.3,16.8,3.62,46.1
213,15.0,47.0,16.4062,8.77,30.0,18.9,4.79,48.9
214,11.0,47.0,16.3477,4.27,34.2,20.5,2.72,54.7
215,16.0,43.0,17.1094,7.48,11.0,15.2,1.62,26.2
216,24.0,51.20959026144679,16.4648,8.56,14.0,7.5,1.92,21.6
217,21.0,46.0,17.8711,10.25,7.1,14.5,1.92,21.5
218,15.0,51.0,17.5781,7.08,17.4,13.7,2.4,31.1
219,10.0,60.0,17.8125,6.63,9.7,21.8,2.23,31.5
220,19.0,48.0,17.8711,7.98,13.9,16.3,2.76,30.2
221,14.0,56.0,17.9883,4.99,24.1,19.1,2.4,43.2
222,20.0,74.0,18.1055,8.09,11.5,17.3,2.35,28.8
223,15.0,68.0,18.457,8.46,29.2,15.1,3.67,44.3
224,11.993087989856761,24.0,15.3516,10.39,34.7,15.8,5.5,50.6
225,13.651595778544916,47.0,16.084,7.37,27.3,15.3,2.92,42.6
226,10.563856509049295,53.0,16.1719,6.49,34.6,18.6,3.6,53.2
227,8.735964092770715,68.0,16.377,5.36,45.2,23.9,3.85,69.1
228,9.0,56.0,15.6738,7.1,32.1,16.2,3.01,48.2
229,11.0,25.0,16.8164,8.86,14.4,16.9,2.0,31.3
230,10.0,41.0,15.9668,9.27,27.0,15.0,3.92,41.9
231,26.0,66.73357452719664,18.5156,7.71,19.4,21.9,3.9,41.3
232,17.0,68.20698207324368,18.5156,6.47,21.5,22.1,3.2,43.6
233,3.0,62.76953427795987,19.8047,1.45,17.6,24.4,0.74,42.0
234,11.0,66.0,15.6445,6.87,31.4,22.1,4.07,53.5
235,6.0,74.0,16.1133,5.69,24.3,4.6,1.87,28.9
236,10.0,63.0,15.6152,5.12,29.4,21.0,2.88,50.3
237,6.0,70.0,16.7578,6.91,28.0,18.0,3.45,46.0
238,10.441495144250077,81.0,15.2344,6.82,21.2,17.4,2.75,38.6
239,10.0,84.0,15.293,6.31,24.4,18.0,2.85,42.3
240,12.0,74.0,16.0254,7.87,34.8,16.4,4.68,51.3
241,9.36765743996935,65.85536143381435,17.1387,5.82,39.0,16.4,3.34,55.4
242,8.0,70.0,15.9082,9.89,28.1,19.5,5.05,47.6
243,7.931509190851472,78.0,15.7617,7.19,29.0,24.4,3.94,53.4
244,4.0,28.0,16.6406,10.8,28.8,14.0,3.79,42.8
245,7.0,52.0,16.3477,8.04,28.5,27.1,4.7,55.6
246,13.0,63.0,16.6992,9.19,25.1,16.9,4.39,42.0
247,5.0,69.0,16.9336,6.9,26.5,22.1,3.47,48.6
248,10.0,77.0,15.6445,8.57,32.3,22.6,4.98,54.8
249,15.0,60.0,17.3584,9.1,16.7,14.7,3.47,31.4
250,12.416575412152177,37.0,17.3438,7.08,9.0,14.9,1.46,23.9
251,6.0,53.0,17.2852,5.02,24.7,24.7,2.84,49.5
252,12.0,62.0,18.0762,7.4,30.6,22.7,4.42,53.3
253,8.914216161768877,63.0,17.6367,5.93,25.2,19.3,2.72,44.6
254,10.0,45.0,17.2266,8.32,19.4,21.1,2.46,40.5
255,16.48826798050311,49.0,16.4062,8.25,32.5,20.5,4.63,53.0
256,8.0,65.0,17.168,6.89,33.2,23.0,4.06,56.2
257,14.0,66.67359709397323,17.0508,8.41,31.0,18.8,4.84,49.8
258,9.697923262279147,50.0,17.5195,3.7,28.3,19.9,1.84,48.2
259,10.0,63.0,17.1094,6.65,15.0,13.0,2.02,28.0
260,12.64425487125677,66.17717944252502,18.0176,6.47,21.1,21.3,2.9,42.4
261,12.0,61.61253583405182,17.6367,7.47,24.3,23.0,3.31,47.3
262,8.0,67.24246837145219,17.9297,6.97,22.8,19.1,3.09,41.9
263,20.0,77.0,17.5781,6.32,6.1,20.6,2.01,26.7
264,8.0,78.0,18.6328,5.58,29.3,22.6,3.47,51.9
265,5.742657089497747,67.52052508294048,18.8672,5.85,39.5,16.7,3.3,56.1
266,13.0,58.0,15.4102,7.12,22.2,13.0,2.38,35.3
267,12.0,73.0,15.0586,8.01,29.3,11.3,3.53,40.6
268,12.0,81.0,15.2344,5.87,24.4,3.4,1.86,27.8
269,11.0,74.0,15.3809,7.62,32.7,10.2,3.69,42.9
270,5.0,76.0,15.6152,5.24,33.6,18.3,2.92,52.0
271,8.0,77.0,15.4688,4.23,39.8,16.3,2.61,56.1
272,13.377546847567736,71.0,17.168,7.29,25.8,16.5,2.64,42.4
273,16.0,68.0,17.7539,6.04,18.0,17.2,2.52,35.2
274,13.0,74.0,17.3438,8.1,27.3,13.8,3.55,41.1
275,17.0,54.0,18.5156,5.76,26.6,14.7,2.67,41.3
276,15.0,47.0,17.6953,8.79,19.1,19.4,3.24,38.5
277,8.0,29.0,16.3477,5.52,20.0,13.0,1.37,33.0
278,10.059496591280244,43.0,15.1172,5.42,36.6,16.3,3.02,52.9
279,12.0,40.0,14.7656,9.97,29.8,20.3,4.04,50.1
280,10.023585350102103,34.0,14.9707,3.74,22.9,20.9,1.28,43.8
281,7.0,30.0,16.6113,10.1,14.1,15.3,1.71,29.5
282,16.191660210873003,39.0,17.168,8.5,15.2,10.0,1.72,25.2
283,20.0,32.0,17.7832,12.06,14.9,13.4,3.04,28.3
284,7.0,74.0,15.9082,6.54,32.5,12.8,3.18,45.4
285,16.0,79.0,15.2344,7.74,35.4,18.8,4.7,54.2
286,12.494660597379777,78.0,16.582,7.65,42.8,18.2,4.93,60.9
287,6.0,67.0,16.3477,6.03,40.6,11.1,3.36,51.7
288,9.0,68.0,15.9082,7.92,40.3,19.7,5.26,60.0
289,7.0,74.0,16.1133,6.87,45.7,14.2,4.34,59.9
290,9.006500804644922,74.0,16.2012,5.79,45.9,10.4,3.4,56.3
291,9.873040825261612,69.86633089557677,17.4023,6.07,53.8,21.8,4.82,75.5
292,8.0,56.051404992100764,17.0801,9.14,47.6,22.3,6.65,69.9
293,5.0,66.41052191592247,16.8164,5.68,35.2,20.1,3.47,55.3
294,16.0,35.0,17.8711,9.46,29.9,19.3,5.41,49.2
295,19.0,56.0,17.3145,7.99,31.5,20.4,4.86,51.9
296,7.0,78.0,16.1133,7.11,25.9,15.5,3.1,41.4
297,5.0,76.0,16.0547,8.19,35.2,25.1,5.21,60.4
298,5.0,80.0,15.6152,5.99,17.2,27.6,2.84,44.9
299,11.0,55.0,15.9375,7.76,29.0,19.2,4.32,48.1
300,8.0,69.0,16.2891,9.09,27.1,23.9,5.15,51.0
301,11.748269631462776,68.0,16.4648,9.03,15.3,25.0,3.8,40.3
302,14.0,75.0,16.1719,8.67,26.6,16.4,4.3,43.0
303,13.0,58.0,17.4023,6.59,12.5,14.2,2.03,26.7
304,12.0,45.0,17.4023,7.21,23.5,17.6,3.71,41.1
305,10.0,57.0,17.1973,6.75,19.2,16.1,2.56,35.3
306,4.0,76.0,17.1094,6.86,20.0,22.2,3.12,42.2
307,6.0,75.0,17.2266,5.36,35.5,23.0,3.33,58.5
308,12.0,74.0,17.1094,8.0,21.6,19.3,3.47,40.9
309,11.83969076596955,75.0,17.1094,5.33,22.3,11.1,1.89,33.4
310,10.0,69.65753339513009,17.9883,8.05,28.2,16.0,3.87,44.2
311,8.0,63.7160295074663,17.2852,5.01,39.0,13.9,2.85,52.9
312,10.0,66.98474953522044,17.0801,6.64,40.8,17.6,4.31,58.4
313,9.0,63.55207526422023,17.2852,6.93,37.7,7.8,3.34,45.5
314,10.0,81.0,16.6992,8.04,38.8,12.2,4.32,51.0
315,13.357118523293039,82.0,17.0801,6.2,38.6,19.5,3.85,58.1
316,11.858379983023312,79.0,16.875,7.49,38.7,23.2,4.89,61.9
317,18.0,42.0,17.1387,8.42,29.7,18.6,4.4,48.3
318,9.0,68.6542711100397,18.1641,6.27,2.2,22.1,1.68,24.2
319,11.0,71.02947015772352,18.9844,5.97,38.6,24.9,4.21,63.5
320,12.0,64.35467405748656,18.457,6.62,17.5,20.0,2.76,37.5
321,5.101171353069134,70.41390432536087,19.6875,9.19,46.8,15.4,5.78,62.2
322,13.590732726444031,69.72078907356476,19.3359,7.5,44.1,12.0,4.43,56.1
323,8.0,76.0,19.0723,8.88,28.8,19.6,4.6,48.4
324,6.835415572926195,81.0,19.3945,8.26,34.4,8.1,3.56,42.5
325,8.0,80.0,19.4531,8.87,42.2,16.6,5.42,58.8
326,5.0,61.0,19.5703,5.71,39.8,18.3,3.49,58.2
327,7.030314022464765,78.0,19.043,8.11,43.0,16.8,5.01,59.9
328,5.0,60.99257438456683,19.4824,2.5,7.0,5.6,0.36,12.6
329,12.0,73.19113018408603,18.9258,5.46,41.5,19.8,3.68,61.3
330,8.0,84.0,15.9375,4.99,33.6,19.9,2.9,53.5
331,16.0,70.0,17.0508,6.65,31.2,15.5,3.4,46.8
332,11.0,60.0,15.0586,8.54,31.3,12.6,3.31,44.0
333,11.978058449524596,67.0,15.1172,6.57,31.2,19.8,3.5,51.0
334,9.0,73.0,15.8789,6.93,45.2,15.1,4.44,60.3
335,9.0,69.0,16.4062,7.2,39.2,11.0,3.92,50.3
336,10.0,67.0,16.5234,7.59,40.8,20.2,5.17,61.0
337,19.0,63.3637752666374,15.0586,5.46,28.5,17.3,2.94,45.8
338,5.0,66.49500852509811,14.4727,2.29,25.7,16.0,1.43,41.7
339,4.0,69.65551880598781,15.293,3.29,30.7,15.6,1.66,46.4
340,7.0,71.0,15.1758,5.78,32.7,13.4,2.95,46.1
341,20.0,65.91781917630021,15.6445,6.38,37.1,17.4,4.07,54.6
342,17.0,65.0,17.7246,7.11,29.9,23.1,4.11,53.0
343,16.0,75.0,17.4023,7.92,21.5,18.3,3.46,39.8
344,24.0,73.0,17.5781,7.27,12.9,18.3,2.61,31.2
345,15.0,68.0,17.4902,8.33,26.3,22.1,3.83,48.4
346,18.0,80.0,17.3438,7.68,21.3,16.0,3.24,37.4
347,14.0,65.0,17.2852,9.97,21.3,17.4,3.58,38.6
348,18.0,74.0,17.5781,7.92,34.6,23.4,5.23,57.9
349,14.0,39.0,17.9297,4.33,35.7,17.5,2.71,53.1
350,11.0,35.0,15.9375,8.77,26.6,14.2,3.28,40.7
351,13.842021971411612,46.0,14.6484,8.64,38.6,13.4,3.6,52.0
352,9.0,43.0,14.5605,7.57,27.2,12.4,2.58,39.6
353,14.0,47.0,15.9375,5.4,14.2,17.8,2.08,32.0
354,4.0,36.0,14.6484,9.28,30.5,12.8,2.74,43.4
355,15.0,31.0,15.7031,10.59,31.0,18.2,5.39,49.2
356,23.0,62.65170464114072,17.6953,7.52,24.7,14.9,3.74,39.6
357,13.0,66.2227729443058,17.6953,6.46,22.6,15.7,2.73,38.3
358,2.0,61.0680045326343,18.1055,1.46,14.1,19.6,0.55,33.7
359,8.0,70.0,16.582,5.94,33.5,12.7,2.98,46.2
360,8.0,68.0,16.1719,7.19,38.3,13.1,4.04,51.5
361,13.0,74.0,16.2012,7.31,38.9,16.9,4.43,55.7
362,13.0,77.0,16.8164,6.34,29.4,16.6,3.27,46.1
363,16.0,83.0,16.875,7.29,35.9,19.3,4.37,55.2
364,13.0,90.0,17.6074,6.77,17.1,10.5,2.03,27.6
365,12.77125789256641,69.0,16.7285,5.04,31.2,21.5,2.87,52.8
366,11.0,65.0,17.373,7.06,37.6,20.6,4.49,58.2
367,11.0,84.0,17.2852,7.22,29.3,14.5,4.05,43.7
368,10.0,80.0,16.377,7.73,37.5,23.2,5.25,60.7
369,11.0,49.0,17.1094,10.42,40.5,27.4,4.83,67.9
370,5.0,72.0,17.1094,7.69,42.9,19.5,5.06,62.3
371,5.0,62.0,17.4023,4.97,41.8,21.3,3.37,63.1
372,8.0,79.0,16.1133,8.03,12.0,22.4,2.98,34.3
373,12.0,74.0,15.6445,7.25,19.9,17.5,3.16,37.4
374,9.0,82.0,15.5273,7.08,31.8,20.0,3.99,51.8
375,9.0,86.0,15.3516,7.37,33.0,22.4,4.36,55.4
376,8.0,87.0,15.5566,7.6,34.3,21.0,4.58,55.3
377,8.90909751262462,53.0,15.7617,7.4,45.0,22.1,5.14,67.1
378,10.0,70.0,16.6406,7.39,30.8,20.9,4.84,51.7
379,9.0,32.0,16.4062,1.07,0.0,10.9,0.2,10.9
380,13.0,48.0,17.1973,6.9,18.8,25.9,3.59,44.7
381,14.0,62.0,16.8457,6.56,27.6,21.0,3.61,48.6
382,10.0,72.0,16.9922,6.39,30.6,20.5,3.59,51.1
383,10.406297849760897,55.0,16.7578,8.62,21.7,20.8,2.84,42.6
384,6.0,55.0,17.3438,5.84,33.0,12.9,2.95,46.0
385,2.0,61.79015160023695,17.7539,3.42,12.0,16.2,1.01,28.1
386,11.0,67.0,17.4902,10.14,24.0,21.1,4.01,45.1
387,14.729363587770749,48.0,17.373,9.94,21.2,24.1,3.59,45.2
388,13.0,65.0,17.4609,8.26,23.4,16.4,3.54,39.9
389,10.0,68.0,17.2266,8.96,32.1,19.4,4.83,51.5
390,10.493907325585305,77.0,17.4902,8.56,32.4,20.2,4.71,52.6
391,11.162916192848954,70.0,17.4023,6.82,44.4,23.2,4.81,67.6
392,8.606706346254015,46.0,17.3438,5.51,35.6,21.2,3.21,56.8
393,8.0,40.0,17.8418,5.38,31.2,10.9,2.44,42.1
394,13.0,53.0,17.4316,6.24,41.0,13.2,3.69,54.2
395,14.605421047911733,64.0,17.3438,6.9,30.1,12.6,3.15,42.7
396,5.0,70.0,17.3438,4.93,34.5,16.6,2.65,51.1
397,6.0,83.0,17.1094,6.69,47.8,18.7,4.62,66.6
398,11.0,73.0,18.2812,7.32,23.3,19.2,3.41,42.6
399,9.0,67.0,18.3105,7.37,26.3,23.3,3.58,49.6
400,21.0,59.0,17.8125,7.02,13.2,17.7,2.5,30.9
401,12.0,56.0,18.0469,6.62,15.1,16.4,2.19,31.4
402,8.0,64.0,17.959,7.23,17.4,14.6,2.06,32.1
403,9.0,65.0,18.2812,5.49,14.3,19.8,2.17,34.1
404,12.0,79.0,18.3398,5.76,31.0,23.3,3.47,54.3
405,5.0,76.0,18.8086,8.82,29.8,20.9,4.68,50.6
406,8.0,54.0,18.6914,7.63,32.6,16.9,3.95,49.5
407,10.0,63.0,19.1016,8.75,31.8,16.6,4.49,48.4
408,6.0,77.0,19.5117,7.46,29.5,21.6,3.97,51.2
409,9.189028473006559,65.0,18.8965,8.79,33.7,20.3,3.99,54.0
410,6.56677051989697,78.0,19.3359,6.72,42.0,18.1,4.15,60.1
411,13.0,71.0581758841099,17.7246,6.13,28.2,18.7,3.13,46.9
412,11.0,68.04654927598435,17.8711,6.79,24.3,19.1,3.23,43.4
413,11.0,65.56292662597625,18.8965,5.2,17.3,15.8,2.03,33.1
414,3.8578138587042403,60.0,19.150572268296788,6.58,0.0,0.0,0.0,0.0
415,17.0,38.0,18.6914,7.73,28.5,17.8,3.91,46.3
416,17.0,59.0,19.1602,7.02,17.9,19.6,3.06,37.5
417,13.0,68.0,18.8086,6.07,16.9,15.9,2.29,32.7
418,9.0,79.0,18.8672,6.95,15.6,15.5,2.29,31.1
419,11.462388422907594,64.0,18.9844,5.65,26.8,15.2,2.49,41.9
420,12.0,71.0,15.9375,6.67,31.4,16.2,3.65,47.6
421,5.0,76.0,16.582,5.28,41.8,22.3,3.59,64.1
422,11.0,64.0,16.6699,6.27,35.8,14.0,3.41,49.8
423,12.0,69.0,16.9922,6.42,24.8,22.7,3.31,47.5
424,13.0,52.0,17.373,8.44,22.8,16.8,4.1,39.6
425,15.071978118105221,58.0,15.9375,9.02,26.1,14.7,3.16,40.8
426,14.384601844587031,55.0,15.293,6.26,20.7,14.6,2.37,35.3
427,18.0,50.0,14.6484,7.07,27.7,24.8,4.15,52.5
428,15.0,59.0,14.9414,6.3,27.8,22.2,3.58,50.0
429,19.0,70.0,14.8828,6.06,31.1,17.4,3.48,48.5
430,19.0,80.0,15.7324,6.12,39.1,14.9,3.96,54.0
431,15.0,75.0,14.8828,5.56,36.5,16.6,3.46,53.1
432,22.0,83.0,15.4102,5.84,28.0,17.1,3.14,45.1
433,21.0,86.0,14.8828,4.91,29.4,26.9,3.35,56.3
434,5.0,63.80929309277774,17.2266,2.31,38.1,18.3,1.63,56.4
435,3.0,12.646339676896643,17.6074,8.79,28.2,7.1,0.6,35.3
436,4.0,63.79277515812954,17.6953,2.38,35.6,14.2,1.33,49.8
437,10.0,55.0,16.9336,12.54,36.2,24.3,4.13,60.6
438,15.0,66.0,16.2891,5.45,7.9,21.4,1.97,29.3
439,13.0,63.0,17.9883,5.48,23.1,23.7,2.84,46.8
440,14.0,77.0,17.4609,5.5,15.0,18.6,2.13,33.6
441,14.0,57.0,17.6953,8.69,14.1,17.1,2.43,31.2
442,17.778089047445874,67.0,17.5195,8.61,18.7,19.1,3.5,37.8
443,20.00776605066922,75.0,17.5488,6.82,12.2,12.9,1.89,25.1
444,20.0,84.0,17.5781,7.33,14.7,14.3,2.41,29.0
445,13.0,87.0,17.5195,6.79,23.9,16.0,2.94,39.9
446,15.474921382018152,43.0,15.1758,8.03,32.3,17.8,3.77,50.1
447,13.0,55.0,14.8242,6.84,29.0,17.1,3.56,46.1
448,13.0,64.0,14.707,7.56,30.6,14.9,3.66,45.5
449,11.0,52.0,14.9414,9.7,34.5,11.5,3.92,46.0
450,16.0,72.0,14.2383,6.86,32.4,16.1,3.7,48.6
451,23.0,54.0,14.6191,9.68,31.0,15.1,5.36,46.1
452,6.0,64.0,18.9258,1.88,9.0,12.7,0.53,21.6
453,16.0,56.0,18.7207,13.96,22.8,13.6,2.81,36.4
454,13.784091232403782,56.0,18.0469,4.11,6.5,15.2,0.97,21.7
455,23.0,44.0,17.6367,8.26,18.2,17.3,3.31,35.5
456,16.809694487831223,64.0,18.1348,6.33,23.0,16.0,2.66,38.9
457,18.0,64.0,18.3691,7.33,19.4,19.1,3.16,38.5
458,7.0,83.0,15.6445,5.83,33.2,14.3,3.19,47.5
459,5.0,77.0,15.790999999999999,5.44,23.8,13.2,2.18,37.0
460,8.0,76.0,15.7031,5.75,25.1,19.2,2.84,44.3
461,5.0,81.0,16.8164,5.32,27.0,12.9,2.26,39.9
462,13.0,77.0,16.0547,7.07,20.1,16.4,2.89,36.4
463,3.0,73.0,14.7656,1.41,0.0,32.2,0.56,32.2
464,11.0,62.0,16.4941,8.28,56.1,21.8,6.92,77.9
465,13.0,75.0,17.2266,6.66,22.8,14.7,2.91,37.5
466,7.355538579351489,70.0,17.1387,5.24,55.8,25.7,4.41,81.5
467,9.0,72.0,17.5195,6.13,35.0,18.3,3.84,53.3
468,5.0,69.0,17.2852,4.82,33.0,14.8,2.52,47.8
469,3.0,62.0,16.1426,7.42,38.9,21.6,4.59,60.5
470,7.0,73.0,15.8203,7.78,39.6,26.8,5.53,66.4
471,7.12979010967414,74.0,15.4688,7.78,42.8,20.3,5.04,63.1
472,6.45213740280942,84.0,15.1758,7.95,41.1,26.9,5.53,68.0
473,6.1842435293015825,85.0,15.1758,7.43,37.8,23.1,4.58,60.9
474,8.865120766999183,87.0,15.4102,8.53,32.8,21.2,4.76,54.0
475,6.501129794336123,80.0,15.3809,9.18,35.8,23.6,5.56,59.4
476,6.0,66.0,17.2852,5.74,23.2,20.9,2.79,44.1
477,3.0,67.0,16.9922,6.97,5.9,0.0,0.42,5.9
478,15.0,76.0,16.875,5.58,12.1,16.9,1.82,28.9
479,11.0,84.0,16.5234,6.36,20.3,23.3,3.07,43.5
480,6.0,61.0,17.2852,7.98,17.2,19.5,2.93,36.7
481,6.0,80.0,16.8164,7.58,31.3,14.0,3.56,45.3
482,16.0,84.0,17.1973,6.39,12.5,23.1,2.62,35.6
483,9.0,85.0,17.168,7.57,39.8,16.7,4.5,56.5
484,7.0,59.0,17.1387,4.94,29.2,16.8,2.49,45.9
485,9.0,44.0,16.9043,8.18,38.2,24.9,5.54,63.1
486,20.0,66.0,16.9922,9.74,39.8,20.8,6.37,60.6
487,16.0,73.0,17.3145,8.24,35.2,19.4,4.95,54.7
488,10.0,67.0,17.3145,7.49,16.2,10.2,2.2,26.4
489,10.880797078092293,80.0,17.4023,6.63,43.4,19.9,4.39,63.3
490,7.0,83.0,17.2266,6.42,31.4,19.1,3.41,50.5
491,10.451821608544954,82.0,17.4316,7.98,39.6,18.5,4.81,58.1
492,11.0,84.0,16.9629,6.46,21.7,17.4,2.74,39.1
493,14.0,85.0,17.0508,7.51,38.5,17.7,4.53,56.2
494,10.0,48.0,17.2266,8.1,33.4,15.2,4.19,48.6
495,6.0,85.0,18.0469,5.43,40.5,26.4,4.06,66.9
496,8.0,59.0,18.5449,9.24,11.7,23.4,2.93,35.1
497,10.0,75.0,17.8711,6.15,14.4,18.1,2.17,32.5
498,10.0,77.0,17.9004,6.31,13.0,21.6,2.39,34.6
499,10.0,68.0,18.1641,8.24,21.9,15.3,2.79,37.2
500,14.0,75.0,17.9883,7.52,19.5,19.6,3.19,39.1
501,11.171846137496097,56.0,18.9258,6.47,30.8,30.8,4.14,61.5
502,6.805580432753054,84.0,19.3359,7.55,37.5,13.9,3.99,51.4
503,7.0,73.0,19.4238,8.95,39.9,21.6,5.81,61.5
504,7.0,62.0,19.2773,9.25,49.6,15.1,6.2,64.7
505,7.660883916124497,73.0,19.4238,7.31,38.1,15.1,3.98,53.2
506,7.0,74.0,19.0137,8.46,34.7,18.7,4.85,53.4
507,14.0,74.0,19.4531,8.65,30.5,18.0,4.66,48.5
508,13.0,78.0,19.5703,8.03,31.2,15.7,4.09,46.9
509,7.0,82.0,18.6621,6.59,26.0,13.5,2.78,39.5
510,7.347374930488321,60.49503614593207,18.8086,4.41,27.9,8.8,1.63,36.7
511,13.0,58.72082298371529,19.1895,8.45,27.2,13.7,3.17,40.9
512,7.0,67.0,16.2891,6.49,25.8,17.0,2.99,42.8
513,8.0,70.0,16.4648,6.35,36.7,11.1,3.19,47.8
514,6.0,82.0,16.1133,5.81,25.5,17.5,2.78,43.0
515,16.027315465599102,68.0,16.5234,7.83,33.2,14.6,4.02,47.8
516,8.0,72.0,16.2305,6.13,27.2,14.7,2.77,41.8
517,10.0,83.0,15.4688,6.83,32.8,14.0,3.45,46.8
518,5.0,12.0,15.4395,4.63,36.9,13.5,2.62,50.4
519,14.0,70.0,15.0586,7.24,35.2,16.6,4.28,51.8
520,10.0,59.0,14.5898,2.82,17.6,15.9,1.14,33.5
521,7.0,48.0,14.8828,6.66,19.2,21.0,2.07,40.2
522,15.0,49.0,14.6484,4.65,19.8,22.7,1.93,42.5
523,15.0,52.0,15.7031,6.94,36.1,20.9,4.36,57.0
524,20.766099089138407,63.0,14.8828,6.72,37.8,13.9,3.87,51.7
525,19.0,67.0,16.4648,7.92,27.8,8.7,2.81,36.5
526,22.0,70.0,16.5234,8.46,21.3,25.1,3.68,46.4
527,22.0,58.0,16.4648,6.76,24.8,12.9,3.54,37.6
528,22.0,48.0,16.2305,7.68,19.0,17.3,3.19,36.2
529,10.0,66.0,16.0547,6.5,14.7,8.6,1.73,23.3
530,17.0,58.0,15.6738,10.39,22.0,6.6,3.3,28.6
531,13.0,90.0,17.5195,6.83,16.2,13.3,2.24,29.5
532,17.0,85.0,17.8125,5.97,18.2,19.3,2.49,37.5
533,15.0,85.0,17.6367,6.96,26.0,20.5,3.5,46.5
534,21.67531620898683,57.0,17.4609,6.27,12.9,18.8,2.24,31.7
535,7.0,65.0,17.5781,7.37,15.4,19.9,2.7,35.3
536,15.0,50.0,17.5195,8.12,22.4,18.7,4.05,41.1
537,13.07340641915399,39.0,14.1211,13.37,35.8,14.9,2.89,50.7
538,14.0,53.0,14.0039,5.59,17.0,12.5,1.96,29.4
539,11.0,52.0,14.3262,6.28,30.5,22.9,3.85,53.4
540,7.0,62.0,14.2383,7.14,31.4,24.0,4.3,55.4
541,22.0,62.0,14.9414,8.73,13.7,16.2,3.12,30.0
542,12.0,28.0,14.2676,9.88,29.2,19.3,4.02,48.4
543,15.0,57.0,14.4434,9.05,23.2,13.6,3.59,36.8
544,25.0,40.0,17.6953,7.74,30.1,16.4,4.2,46.5
545,28.0,54.0,18.6328,7.28,30.2,17.1,4.18,47.3
546,24.0,68.0,18.3105,7.33,21.2,14.1,3.11,35.3
547,26.0,65.0,18.1934,8.49,21.3,17.7,4.03,38.9
548,32.0,81.0,17.7539,6.88,19.8,13.3,3.24,33.1
549,31.0,53.0,17.7539,10.13,36.0,18.8,6.58,54.8
550,12.855390380832183,47.0,15.293,9.53,36.0,18.4,4.26,54.3
551,10.0,65.0,15.3516,6.72,30.9,18.9,3.63,49.8
552,12.288077267430232,48.0,16.2891,6.18,27.2,12.7,2.64,39.9
553,15.0,66.0,15.2344,6.82,31.4,24.3,4.4,55.8
554,8.0,76.0,15.4102,5.95,27.6,30.1,3.87,57.8
555,8.0,76.0,15.1172,6.17,23.5,22.9,3.2,46.4
556,6.0,44.0,15.1758,4.96,31.1,22.6,3.14,53.7
557,12.0,59.0,16.6406,4.85,43.2,17.3,3.43,60.5
558,13.0,63.0,16.9922,6.67,34.6,20.1,4.03,54.6
559,9.0,65.56334151148835,16.9922,6.59,42.3,16.7,4.34,59.0
560,14.0,64.01716803757496,17.4902,6.06,31.1,23.2,3.91,54.2
561,15.0,82.0,16.0547,7.23,12.5,24.6,3.08,37.2
562,6.0,80.0,14.7656,6.98,40.7,21.8,4.58,62.5
563,7.0,84.0,15.4688,9.08,33.7,22.6,5.34,56.3
564,12.0,83.0,15.7031,7.14,20.5,24.2,3.47,44.7
565,11.0,87.0,15.293,6.77,22.5,27.2,3.93,49.7
566,8.0,53.0,16.1719,9.32,37.5,18.2,4.29,55.6
567,11.0,61.0,15.5273,8.66,32.9,22.9,5.58,55.9
568,13.0,74.0,17.168,7.36,11.1,16.2,2.05,27.3
569,13.0,84.0,17.1094,7.05,19.8,25.3,3.46,45.2
570,18.0,60.0,16.9922,7.01,23.6,21.9,3.18,45.4
571,4.0,71.0,17.4023,5.76,6.1,23.1,1.82,29.2
572,15.0,76.0,17.4609,5.9,22.0,23.9,3.24,45.9
573,7.0,80.0,17.168,4.8,40.3,27.6,3.52,67.8
574,10.032335431564405,69.0,17.4023,7.24,38.7,19.2,3.8,57.9
575,10.14528205090047,83.0,16.8164,6.28,34.5,22.6,3.71,57.1
576,11.234479668906431,50.0,16.875,8.38,32.7,17.4,3.69,50.1
577,16.0,70.0,17.3438,6.66,14.6,16.6,2.5,31.3
578,30.0,56.0,17.2266,9.37,15.6,17.3,3.74,32.9
579,10.0,62.0,17.2852,7.13,30.8,21.3,4.13,52.1
580,7.0,71.0,17.0215,8.38,35.2,21.4,5.05,56.6
581,12.0,46.0,17.4023,7.03,32.4,15.9,3.1,48.3
582,17.0,59.0,17.168,7.98,37.1,16.3,4.65,53.4
583,13.0,69.0,17.4609,6.67,36.9,21.3,4.34,58.3
584,12.716404453898605,74.0,17.2266,7.05,28.8,17.2,3.42,46.0
585,8.0,83.0,17.4609,6.62,33.1,16.1,3.6,49.2
586,8.0,67.0,17.168,7.38,43.4,18.5,5.22,61.8
587,10.769187813297684,70.0,17.168,8.3,35.1,15.3,4.37,50.4
588,12.0,70.0,18.2227,6.19,26.0,23.0,3.35,49.0
589,6.0,59.0,17.9883,6.79,21.1,18.4,2.17,39.5
590,11.0,72.0,17.8711,7.0,23.6,16.2,3.02,39.8
591,15.734090082391312,70.0,17.8711,7.91,27.5,14.9,3.15,42.4
592,16.0,77.0,18.1055,6.57,30.8,24.8,4.13,55.6
593,7.0,52.0,18.2812,4.41,31.4,25.8,2.77,57.2
594,8.0,59.0,17.8125,9.12,33.9,19.2,5.32,53.1
595,5.146585079159735,87.0,19.3359,8.74,29.5,18.5,4.23,48.0
596,8.0,84.0,19.5117,7.65,30.3,12.3,3.39,42.6
597,7.0,69.0,19.6289,8.4,40.0,17.8,5.15,57.8
598,14.0,76.0,18.9258,7.65,29.7,19.5,4.16,49.3
599,10.632094657245531,84.0,19.4531,7.29,29.2,16.8,3.48,46.0
600,5.0,88.0,19.0723,7.83,41.6,12.2,4.36,53.8
601,12.143287062544864,82.0,19.4531,6.37,28.1,20.7,3.26,48.8
602,13.0,67.10965771895323,17.5781,6.75,18.5,20.6,2.83,39.0
603,8.0,71.31969075322466,19.2773,5.5,43.0,16.1,3.49,59.1
604,6.0,66.66829721553094,19.3359,4.52,20.6,22.4,2.09,43.0
605,13.217155299205274,68.8637117872698,18.9258,7.82,32.9,17.6,4.19,50.5
606,8.0,44.0,19.9365,5.17,38.4,22.4,3.37,60.8
607,9.0,26.0,14.8242,6.94,36.4,13.2,3.88,49.6
608,10.9469803387858,47.0,16.5527,6.55,29.0,11.4,2.77,40.4
609,10.0,42.0,16.0547,6.51,36.8,19.6,4.06,56.4
610,18.0,51.0,16.5527,8.06,31.9,11.8,3.81,43.7
611,16.0,56.0,15.1172,8.02,33.9,5.3,3.86,39.2
612,6.0,63.0,15.7031,8.12,44.5,11.6,4.75,56.1
613,11.0,70.0,15.4688,5.4,19.0,11.7,1.89,30.7
614,24.0,71.0,15.4688,5.3,27.8,22.8,3.31,50.6
615,15.0,80.0,15.7031,6.91,37.0,21.3,4.46,58.3
616,19.0,51.0,15.7617,6.58,21.4,19.8,3.1,41.3
617,29.0,64.46965248535388,15.7617,6.8,22.6,20.5,3.51,43.2
618,21.0,61.0,15.1758,7.58,24.3,13.8,3.48,38.2
619,16.494802766970402,58.0,17.5781,7.7,17.0,18.2,2.88,35.1
620,13.0,81.0,17.4609,6.66,16.5,18.8,2.59,35.3
621,15.0,82.0,17.6074,6.12,27.8,12.4,2.81,40.2
622,26.0,87.0,17.4609,6.68,12.0,19.2,2.42,31.2
623,18.0,69.0,17.8125,7.75,18.2,22.9,3.99,41.1
624,23.0,71.0,18.1641,8.73,20.0,14.5,3.74,34.4
625,13.0,70.0,17.6367,6.94,22.6,22.3,3.42,44.9
626,6.0,40.0,17.8125,4.14,5.3,5.3,0.4,10.6
627,22.0,44.0,15.2344,14.33,21.5,18.9,4.69,40.4
628,11.932224093201555,42.0,15.0293,6.41,33.5,21.7,3.69,55.2
629,18.0,27.0,15.0586,11.83,25.5,14.4,4.21,39.9
630,11.0,29.0,15.2344,6.83,33.3,18.0,3.11,51.2
631,36.0,33.0,16.7578,10.79,20.3,11.3,3.94,31.6
632,14.0,25.0,15.3516,10.95,38.4,14.4,4.61,52.9
633,21.0,50.0,17.5781,6.66,12.2,19.8,2.54,32.1
634,36.0,66.0,17.666,8.22,16.7,16.9,3.71,33.6
635,22.0,67.0,17.7246,5.87,13.1,10.5,1.75,23.6
636,28.0,53.0,18.3105,7.58,5.7,15.1,2.15,20.8
637,16.0,53.0,18.3984,6.42,28.1,18.3,3.61,46.4
638,24.0,57.0,17.4609,10.08,20.8,10.6,3.78,31.4
639,22.0,57.0,17.5488,8.83,20.6,15.4,3.78,36.0
640,10.138358256901128,41.0,14.3848,8.11,44.8,14.7,3.76,59.5
641,9.829839679934906,53.0,15.5859,3.86,10.6,31.4,1.71,42.0
642,8.0,46.0,15.6152,6.33,22.3,10.6,2.2,32.9
643,1.0,51.0,15.1758,4.22,31.1,19.7,2.19,50.8
644,6.0,55.0,15.8496,6.65,53.9,14.8,4.87,68.7
645,7.0,58.0,17.1094,6.52,30.9,13.2,3.1,44.2
646,8.0,51.551971063869104,16.9922,8.77,32.8,22.5,3.42,55.3
647,13.0,69.0,17.4316,6.95,37.4,22.9,4.6,60.3
648,11.0,76.0,16.875,8.19,44.4,22.3,5.83,66.8
649,2.0,50.0,17.5195,2.85,40.1,20.2,1.85,60.3
650,8.816945722504691,66.0,15.4102,6.75,33.2,23.9,3.99,57.2
651,9.533781739171943,72.0,15.7617,7.3,29.5,26.6,4.26,56.1
652,13.0,74.0,15.5273,7.57,30.6,22.4,4.35,53.0
653,10.208905405601662,64.0,15.2637,9.97,38.3,22.3,5.37,60.6
654,8.0,76.0,16.0547,6.87,26.4,20.5,3.54,46.9
655,5.0,81.0,15.5273,8.56,37.3,22.4,5.28,59.7
656,11.0,87.0,15.5273,8.71,28.0,20.1,4.35,48.1
657,4.0,60.0,17.6953,3.53,23.7,15.4,1.47,39.1
658,12.0,46.0,17.4023,6.14,34.5,18.5,3.21,53.1
659,17.0,56.0,17.4609,6.3,17.8,18.3,2.6,36.1
660,26.0,39.0,17.6367,8.86,15.0,12.2,2.61,27.2
661,7.0,61.0,17.4609,5.32,29.4,18.5,2.59,47.9
662,15.0,49.0,16.8164,10.38,27.2,22.5,4.9,49.6
663,6.0,49.0,17.1094,4.3,27.4,24.6,2.43,51.9
664,11.0,76.0,16.7285,8.09,37.4,20.1,4.97,57.5
665,9.0,80.0,16.6406,6.02,32.5,21.0,3.47,53.5
666,11.240974288275545,66.0,16.4062,5.74,36.7,20.2,3.41,56.8
667,9.931144379039438,51.0,15.9961,7.39,37.5,20.1,4.41,57.6
668,11.0,79.0,17.2852,7.12,28.6,20.6,3.77,49.2
669,6.0,51.0,17.6953,5.4,16.8,27.0,2.61,43.8
670,14.0,64.12636194053488,17.0508,8.02,37.0,11.6,4.23,48.6
671,11.0,67.16112600910535,16.875,7.74,32.7,15.8,4.03,48.5
672,7.0,52.0,17.6953,6.28,12.1,18.1,1.72,30.3
673,15.0,68.0,18.0469,6.67,25.6,22.2,3.79,47.8
674,16.0,64.0,17.6367,6.82,24.8,15.5,3.66,40.3
675,9.0,52.0,17.8125,4.47,30.9,19.6,2.73,50.6
676,5.0,72.0,18.3398,4.39,23.4,24.3,2.26,47.7
677,15.0,46.0,18.0762,6.59,31.9,21.7,4.33,53.6
678,11.343196148860727,79.0,18.6914,8.59,34.8,18.6,4.8,53.3
679,13.364368207290198,73.0,19.1602,5.77,22.0,8.7,1.87,30.7
680,10.0,64.0,19.3945,9.8,38.2,20.1,6.04,58.3
681,11.526387332093314,62.0,19.2773,9.39,37.1,19.4,5.54,56.5
682,8.0,55.0,19.6289,5.74,23.2,21.1,2.79,44.3
683,5.0,60.0,18.3984,7.55,39.9,15.2,4.28,55.2
684,7.0,71.0,19.2773,7.67,13.0,17.5,2.9,30.5
685,15.0,50.289098152160626,17.666,19.27,5.2,8.1,2.75,13.3
686,8.846789759225288,30.0,20.0977,1.49,9.6,0.0,0.15,9.6
687,13.603385550651879,43.0,14.8535,8.34,39.8,9.7,3.97,49.5
688,8.708466169998665,53.0,15.1758,5.23,42.6,16.1,3.14,58.7
689,9.0,52.0,15.1172,7.16,46.8,8.8,4.23,55.6
690,12.0,56.0,15.1172,8.06,28.3,17.0,3.52,45.2
691,10.0,72.0,15.2344,6.7,33.7,13.8,3.44,47.6
692,23.0,63.0,16.4062,9.39,32.5,17.7,5.22,50.2
693,8.0,62.0,15.5566,6.37,32.2,12.0,2.99,44.2
694,14.0,55.0,16.084,3.82,22.5,18.1,1.86,40.6
695,25.0,69.0,15.1172,7.33,36.7,14.6,4.14,51.4
696,23.0,32.0,15.1172,6.89,19.9,16.9,2.76,36.8
697,12.0,45.0,14.8535,4.84,9.7,21.9,1.76,31.6
698,12.0,63.0,14.7656,3.43,34.8,21.9,2.28,56.7
699,12.0,38.0,15.7617,4.37,29.0,15.2,2.39,44.2
700,13.0,63.606591627162324,16.2305,5.79,28.6,19.4,3.19,48.0
701,23.0,63.79454534352366,15.5566,6.36,32.8,19.9,4.05,52.7
702,9.0,68.04592303283897,14.502,6.69,52.3,23.6,5.53,75.9
703,15.0,65.0,17.8125,7.54,27.8,13.1,3.37,40.9
704,14.0,72.0,17.4609,8.41,24.4,17.0,3.73,41.4
705,25.0,72.0,17.6367,8.4,25.2,16.3,4.28,41.6
706,29.0,42.0,15.8789,10.23,25.3,10.4,4.38,35.8
707,11.0,50.0,15.0879,6.0,41.7,16.9,3.92,58.6
708,22.0,56.0,15.5713,8.68,22.8,6.1,3.18,28.9
709,14.0,66.0,15.0586,6.55,29.0,18.0,3.5,47.0
710,30.0,30.0,15.7617,12.5,23.0,10.1,5.52,33.1
711,8.0,41.0,14.8242,9.87,33.6,11.5,4.62,45.2
712,8.0,44.0,14.2383,4.39,39.7,10.9,2.46,50.6
713,22.0,73.0,18.2812,8.12,9.1,16.2,2.44,25.3
714,20.0,72.0,17.8125,7.41,22.6,14.9,3.17,37.4
715,25.0,64.0,17.5488,7.59,14.8,16.3,3.01,31.1
716,23.0,79.0,17.5781,6.82,20.0,17.0,3.29,37.0
717,28.0,27.0,17.7539,14.34,31.9,17.8,6.57,49.7
718,7.0,79.0,15.9668,6.24,32.0,17.7,3.29,49.7
719,12.18460124015472,81.0,15.5273,5.71,31.6,18.8,3.06,50.4
720,9.313229740655075,49.0,16.9336,4.63,26.8,2.8,1.05,29.6
721,6.0,59.0,15.4688,4.41,10.1,14.0,1.17,24.1
722,8.863259924227542,66.0,16.5527,2.03,15.6,25.9,0.88,41.5
723,7.0,63.0,17.1094,5.11,25.0,20.4,2.58,45.3
724,9.0,64.93489098814567,15.7031,5.37,25.3,20.8,2.73,46.1
725,5.0,61.40846315090986,17.0215,5.92,30.0,18.3,2.51,48.3
726,11.0,69.2869175331366,15.9961,7.1,36.6,18.2,4.34,54.7
727,5.0,50.0,17.3438,3.12,16.5,25.6,1.58,42.1
728,9.0,53.0,16.8164,9.94,36.2,22.5,4.72,58.8
729,11.0,92.0,15.1172,7.85,23.2,24.7,4.21,47.9
730,11.0,89.0,15.1758,8.84,29.9,27.8,5.36,57.7
731,6.0,92.0,15.0,7.82,25.4,21.1,3.84,46.5
732,9.919313153057615,72.0,15.3516,5.99,27.2,25.0,3.26,52.2
733,9.0,82.0,15.0,7.37,33.7,26.4,4.71,60.2
734,11.0,87.0,15.7031,7.08,31.4,21.6,4.0,53.0
735,5.0,89.0,15.3516,7.36,34.4,19.3,4.12,53.6
736,19.0,55.0,16.582,7.62,23.2,25.4,4.19,48.7
737,7.0,64.0,16.9043,6.26,23.6,21.3,2.95,44.9
738,12.0,61.0,16.1719,7.77,22.7,17.8,3.41,40.5
739,18.0,60.0,16.9922,7.88,23.4,15.2,4.06,38.7
740,9.029451928120572,72.0,17.2266,5.86,23.2,20.4,2.65,43.6
741,15.0,59.0,17.2266,5.9,10.7,12.8,2.21,23.5
742,20.0,67.0,16.9336,5.19,12.8,19.5,2.48,32.3
743,9.0,67.89273312031406,17.1094,8.86,31.6,22.0,4.98,53.6
744,9.0,72.59276455083011,17.4023,8.2,36.6,19.4,4.87,56.0
745,12.0,71.49529430170674,17.5195,8.81,38.0,19.1,5.5,57.2
746,11.0,72.0,17.6953,10.57,41.1,21.7,6.19,62.8
747,13.0,77.0,17.2852,8.16,43.4,17.6,5.34,61.0
748,10.378351486819597,63.0,17.4609,5.06,41.7,23.0,3.4,64.8
749,11.0265172668053,26.0,17.2852,8.31,30.1,13.1,3.73,43.2
750,7.0,46.0,17.0215,8.11,34.4,21.1,4.69,55.5
751,7.0,58.0,17.4609,5.86,34.8,12.8,2.97,47.7
752,11.0,33.0,16.7578,8.74,15.3,11.0,2.65,26.3
753,8.978090693178572,40.0,16.9336,4.8,34.4,17.9,2.57,52.3
754,9.638345777597884,58.0,17.6367,6.5,15.5,23.6,2.65,39.1
755,6.0,69.0,18.3691,4.64,27.6,25.4,2.67,53.1
756,15.0,51.0,17.168,8.77,9.7,15.9,2.24,25.6
757,10.0,69.0,17.6953,5.95,14.9,21.2,2.47,36.1
758,12.0,61.0,17.6074,5.68,12.2,17.3,2.17,29.5
759,6.0,49.0,17.9883,7.32,7.1,24.0,1.75,31.1
760,11.0,55.0,17.959,7.78,20.0,23.0,3.16,42.9
761,5.0,68.0,18.9844,7.55,25.2,11.5,3.45,36.6
762,4.0,51.0,19.1016,5.81,38.2,10.7,3.12,48.9
763,8.0,36.0,18.2227,8.67,37.1,16.7,4.86,53.9
764,12.0,45.0,19.043,8.08,25.1,15.8,3.67,40.9
765,10.378474891524107,50.0,18.9258,7.18,26.8,13.9,3.04,40.7
766,6.791998746887977,66.0,19.0723,8.84,41.7,12.9,4.94,54.6
767,14.0,61.0,18.7207,8.06,26.3,17.5,3.98,43.7
768,8.0,63.56446629439403,19.2188,4.37,16.7,10.5,1.37,27.2
769,8.0,62.87746439144323,18.9551,5.67,16.8,8.9,1.68,25.7
770,13.0,65.3315499059648,18.457,7.7,27.0,16.5,3.77,43.5
771,4.0,56.0,19.5117,4.28,15.0,22.5,1.7,37.5
772,7.0,69.0,19.2773,7.5,31.2,12.3,3.49,43.5
773,4.0,71.0,19.3066,5.3,19.4,12.2,1.76,31.6
774,9.343695424586848,76.0,15.1172,7.33,37.0,11.8,3.69,48.8
775,10.0,84.0,15.9375,6.41,33.4,6.7,2.74,40.2
776,11.0,61.0,15.293,7.37,21.5,6.9,1.9,28.4
777,5.0,54.0,16.9336,4.54,26.0,8.1,1.64,34.1
778,8.0,70.0,15.9668,5.81,27.5,21.8,3.01,49.3
779,6.0,64.0,16.7578,2.62,21.0,23.1,1.3,44.1
780,11.0,60.0,16.3477,6.2,31.2,20.0,2.74,51.2
781,27.0,56.0,15.0,8.27,23.9,13.0,3.2,37.0
782,14.0,59.0,14.8828,5.54,20.1,20.7,2.5,40.8
783,18.0,60.0,14.7949,5.8,27.2,18.7,3.02,45.8
784,10.0,59.0,15.1758,3.86,31.5,11.0,1.86,42.5
785,13.619567411407509,55.0,15.2344,8.15,15.8,23.8,3.41,39.6
786,19.0,73.0,14.5898,5.72,15.0,17.3,2.15,32.3
787,23.0,62.0,15.4102,4.82,22.9,23.3,2.34,46.2
788,24.0,60.41375243438355,15.0,5.31,19.1,21.8,2.68,40.9
789,21.0,47.66507354677354,15.8789,9.65,34.7,17.0,4.34,51.7
790,11.0,40.0,15.1758,5.08,54.7,18.9,4.16,73.6
791,7.0,32.0,15.5859,8.16,45.4,19.2,4.51,64.6
792,16.0,36.0,15.8496,9.64,39.1,20.7,5.23,59.8
793,16.0,65.523681709156,17.6953,6.17,20.2,18.9,2.88,39.1
794,17.0,67.1517911552614,17.8125,7.64,20.9,21.4,3.6,42.4
795,10.306261058787051,51.0,14.9414,7.13,25.1,10.9,2.65,36.0
796,27.0,34.0,14.8828,11.98,27.5,11.5,5.17,39.0
797,10.0,56.0,14.4141,8.18,28.4,12.7,3.58,41.1
798,9.639416853763393,45.0,14.0039,6.53,34.9,17.2,3.54,52.1
799,8.127000598173318,63.0,14.0625,7.07,43.8,19.9,4.65,63.7
800,8.86302288729268,34.0,14.4727,8.92,43.3,21.3,4.06,64.6
801,7.0,60.0,14.2969,7.05,34.8,19.4,3.32,54.2
802,38.0,23.0,17.4023,12.04,23.0,16.8,4.71,39.8
803,32.0,42.0,17.5488,8.21,15.3,18.2,3.28,33.5
804,23.0,53.0,17.9004,6.21,15.6,13.9,2.31,29.5
805,29.0,76.0,17.8125,7.69,23.6,14.7,3.68,38.3
806,26.0,78.0,18.5742,7.57,16.7,18.4,3.32,35.1
807,37.0,80.0,18.1934,8.51,30.6,16.1,5.07,46.7
808,12.0,41.0,17.0215,7.63,21.6,19.2,3.48,40.8
809,4.0,58.0,16.2012,4.26,21.6,17.0,1.77,38.6
810,9.0,66.0,16.0547,6.87,27.9,19.7,3.46,47.6
811,12.460271603212227,33.0,15.0879,9.0,38.8,18.3,4.31,57.1
812,10.0,31.0,15.7324,7.4,26.5,24.0,3.03,50.4
813,11.71163469438887,54.0,14.6777,6.18,22.3,19.0,2.67,41.3
814,5.0,65.0,15.1172,5.91,26.2,10.3,2.27,36.4
815,12.0,61.0,16.4062,6.02,24.1,18.3,2.8,42.4
816,10.0,73.0,17.0801,7.27,27.5,19.1,3.98,46.7
817,12.0,54.0,16.3477,6.54,43.1,17.7,4.33,60.8
818,9.0,54.0,16.875,8.54,39.0,20.4,4.63,59.4
819,9.0,68.45050415658778,16.582,6.68,29.5,19.5,3.59,49.0
820,6.0,80.0,15.8203,7.83,38.4,19.8,4.74,58.2
821,5.0,85.0,15.6445,6.78,39.5,28.3,4.79,67.8
822,9.0,83.0,16.2305,8.16,30.8,18.8,4.38,49.7
823,6.0,86.0,16.1719,6.32,36.4,21.5,3.85,58.0
824,5.0,76.0,16.875,6.21,30.0,19.2,3.18,49.1
825,8.0,72.0,16.0547,9.15,38.3,19.3,5.46,57.6
826,8.0,69.0,16.2158,9.26,34.2,23.0,5.55,57.2
827,3.0,44.0,17.3438,6.27,30.9,22.7,3.45,53.6
828,6.0,69.0,17.2119,6.59,29.1,20.8,3.67,49.9
829,5.0,76.0,17.2852,4.85,21.3,20.9,2.22,42.2
830,23.0,49.0,17.0508,9.14,25.7,20.1,5.06,45.8
831,17.0,44.0,17.168,5.85,10.8,15.4,2.78,26.2
832,17.0,67.0,16.6406,5.37,5.5,28.2,2.33,33.7
833,14.0,60.0,17.0801,8.37,27.5,20.8,4.36,48.3
834,9.0,79.0,17.3438,7.76,36.8,21.7,4.83,58.5
835,12.992954622980676,86.0,17.2852,7.97,40.5,18.3,4.91,58.9
836,3.0,61.9385629214093,16.9629,9.63,6.4,3.5,0.97,9.9
837,18.0,52.72589325564105,17.6367,10.87,24.6,22.5,4.44,47.0
838,16.0,63.17276678513452,17.4609,10.65,18.0,13.7,3.72,31.7
839,9.0,54.0,17.4316,6.19,33.0,18.2,3.51,51.2
840,15.655755037831184,61.0,16.8164,7.29,40.3,16.9,4.49,57.2
841,7.0,60.0,17.1973,7.45,38.2,17.9,4.64,56.0
842,15.0,59.0,17.4609,7.49,35.6,17.6,4.47,53.2
843,12.0,66.0,16.9336,5.57,27.1,22.8,3.09,49.9
844,14.586758252657702,79.0,16.2305,6.19,29.1,20.7,3.27,49.8
845,4.0,61.0,16.7578,6.62,33.4,19.1,3.6,52.6
846,7.0,70.0,17.9297,6.86,9.5,23.2,2.37,32.7
847,8.0,65.0,18.1055,7.84,31.7,23.3,3.99,55.0
848,13.0,60.0,18.2812,7.57,13.1,16.6,2.56,29.6
849,10.0,74.0,18.3691,7.71,21.2,20.6,3.55,41.9
850,9.0,78.0,17.7539,6.23,20.1,23.2,2.99,43.3
851,7.0,82.0,18.2812,6.44,29.3,24.1,3.61,53.4
852,12.0,69.0,18.0469,6.31,37.2,18.6,4.13,55.8
853,10.383207415145954,71.0,19.6289,7.76,33.4,14.0,3.82,47.5
854,9.0,74.0,18.6914,7.67,45.4,15.5,4.95,60.9
855,8.0,80.0,19.6875,8.12,39.4,18.4,4.91,57.8
856,6.09091162277582,87.0,19.3945,8.01,44.9,20.4,5.31,65.3
857,9.0,89.0,19.4531,7.99,43.5,15.3,4.92,58.8
858,7.0,84.0,19.043,8.93,43.7,12.5,5.2,56.2
859,8.0,62.95385191264658,18.457,4.07,21.1,14.9,1.64,36.0
860,9.0,67.52099650780815,18.1348,6.01,26.7,20.3,3.24,47.0
861,13.065834618962988,56.0,16.7285,6.54,12.8,7.2,1.19,20.0
862,7.0,69.0,15.7617,6.51,12.6,4.7,1.21,17.3
863,14.262406177317779,65.0,14.8535,7.1,14.5,10.2,1.87,24.7
864,11.0,64.0,15.7617,6.88,20.7,12.9,2.56,33.6
865,9.0,69.0,15.6445,5.47,31.6,19.0,3.09,50.7
866,9.0,68.0,15.3516,5.1,41.0,17.5,3.18,58.5
867,12.0,77.0,15.6738,6.1,42.7,14.8,3.92,57.5
868,20.0,66.0,15.0586,7.12,34.6,14.1,3.91,48.6
869,22.0,71.0,14.707,7.87,32.8,15.7,4.41,48.6
870,20.0,77.0,15.1758,6.8,30.9,18.9,3.98,49.8
871,17.0,82.0,14.7363,7.03,33.5,15.4,3.97,48.8
872,12.0,81.0,14.8828,6.3,22.2,20.6,2.91,42.8
873,18.0,73.0,14.5605,7.65,34.3,20.8,4.08,55.1
874,27.0,74.0,14.8242,7.85,29.3,20.7,4.55,50.0
875,11.0,59.0,16.0547,6.6,35.4,18.6,4.0,54.1
876,14.0,50.0,15.8643,7.12,31.8,17.6,3.09,49.4
877,13.0,61.0,16.875,6.67,46.1,18.1,5.04,64.1
878,19.0,32.0,16.9336,9.32,37.7,20.1,5.9,57.8
879,13.0,42.0,17.3438,8.54,20.5,16.5,2.64,37.0
880,17.24482723185296,70.03532038097003,17.8125,7.88,23.1,20.0,3.66,43.1
881,14.0,59.0,17.7539,7.13,12.6,18.4,2.41,31.1
882,15.0,44.0,17.6367,6.51,25.1,19.6,3.58,44.7
883,15.0,54.0,17.4316,7.71,34.1,23.4,4.75,57.5
884,11.0,66.0,17.373,8.55,20.6,17.9,3.55,38.5
885,6.074080447381739,68.0,14.4141,4.9,43.9,16.7,2.97,60.6
886,16.0,36.0,14.2236,8.16,24.1,12.4,3.73,36.5
887,4.0,59.0,14.1211,6.65,37.6,22.6,4.15,60.2
888,12.0,57.0,14.1211,9.2,34.9,12.8,4.81,47.6
889,11.0,66.0,14.4141,6.55,32.2,19.4,3.64,51.6
890,8.0,71.0,14.4727,7.0,33.8,20.5,4.0,54.3
891,9.86533654332009,76.0,15.0,7.93,41.9,20.9,5.17,62.7
892,16.0,75.0,18.2227,5.99,22.5,17.0,2.86,39.6
893,21.0,76.0,17.8711,7.03,13.9,11.4,2.13,25.3
894,24.0,64.24162630784653,19.043,6.82,22.7,18.9,3.37,41.6
895,15.0,29.0,18.3398,8.46,29.5,14.9,2.54,44.4
896,28.0,61.16613778014054,18.5742,8.28,18.9,15.4,3.75,34.3
897,5.0,75.0,14.9414,5.12,52.4,15.8,3.67,68.2
898,6.0,76.0,15.790999999999999,5.56,20.0,19.6,2.34,39.6
899,19.0,31.0,14.502,9.35,25.0,17.6,4.93,42.6
900,9.57373670749724,40.0,16.2451,1.2,19.0,0.0,0.24,19.0
901,8.639421526150215,27.0,14.4141,10.08,17.2,23.0,1.38,40.1
902,6.0,45.0,14.7656,9.08,26.7,20.4,2.86,47.1
903,8.0,69.0,16.7578,7.32,41.8,20.9,5.01,62.6
904,10.0,70.0,16.377,5.84,35.4,27.4,3.97,62.8
905,8.0,60.0,16.1719,5.96,23.6,13.8,2.55,37.4
906,11.0,56.0,16.7285,7.94,27.0,17.7,4.02,44.7
907,4.0,68.0,16.5234,6.89,40.1,24.2,4.68,64.3
908,3.0,75.0,17.2266,6.68,37.1,23.8,4.17,61.0
909,8.0,68.0,15.7031,7.03,18.9,25.5,3.36,44.4
910,8.0,74.0,16.3477,6.73,26.5,23.9,3.58,50.4
911,5.0,73.0,16.1719,8.48,37.0,21.6,5.15,58.7
912,12.0,74.0,16.0547,9.48,35.1,19.7,5.59,54.8
913,10.0,82.0,15.8203,9.12,32.3,18.2,5.08,50.5
914,11.0,66.0,15.1172,8.74,24.8,20.4,3.7,45.2
915,9.0,74.0,15.3809,8.16,34.9,22.3,5.01,57.2
916,19.0,60.0,16.9043,7.23,20.4,17.1,3.07,37.5
917,13.0,65.0,17.2266,6.86,20.7,21.0,3.63,41.7
918,16.0,66.0,17.168,6.78,20.1,20.9,3.22,41.0
919,17.0,68.0,17.3438,7.43,19.4,19.4,3.56,38.8
920,8.0,52.0,17.3438,6.96,29.6,15.1,2.61,44.7
921,10.0,70.0,17.373,6.68,28.4,26.9,4.17,55.3
922,11.0,42.0,17.5781,9.05,20.9,24.3,4.45,45.2
923,9.98788682278149,49.0,17.3145,3.28,31.5,20.2,1.74,51.6
924,15.0,51.0,17.1094,8.65,34.8,22.6,5.44,57.3
925,17.0,60.0,16.6406,8.91,14.6,17.3,3.14,31.9
926,11.0,47.0,17.1094,10.17,12.5,19.0,2.67,31.6
927,15.0,54.0,17.8125,5.19,14.0,16.1,1.74,30.1
928,13.0,77.0,16.9922,7.32,35.2,16.4,4.47,51.6
929,9.0,72.0,17.2852,5.66,31.5,18.8,3.16,50.3
930,7.0,62.0,17.0508,8.09,40.3,16.0,4.78,56.3
931,9.698366871334201,47.0,16.9922,6.99,41.4,17.1,4.24,58.5
932,14.0,76.0,18.3398,7.3,27.0,19.9,3.96,46.9
933,6.0,76.0,17.7539,5.72,28.7,21.8,3.08,50.5
934,15.0,67.0,17.7832,5.39,25.6,21.5,2.85,47.1
935,17.0,66.0,17.7246,7.48,15.1,23.3,3.76,38.4
936,10.0,61.0,17.4023,5.84,23.7,17.1,2.79,40.8
937,16.0,67.0,17.9883,8.79,22.1,22.8,4.35,44.9
938,7.00788599439646,66.0,18.9697,6.64,36.9,22.4,3.97,59.3
939,6.619926416511753,80.0,19.6875,5.97,26.8,16.9,2.66,43.8
940,2.3067892959087644,3.0,19.480191588641695,8.8,0.0,0.0,0.0,0.0
941,8.91744703700843,23.0,19.227241469728963,3.33,0.0,0.0,0.0,0.0
942,14.0,67.42976566132953,17.4609,6.51,13.3,20.0,2.38,33.3
943,15.153984045397237,34.0,18.3398,6.4,26.2,12.1,2.6,38.2
944,14.0,82.0,15.9375,5.32,31.6,19.5,2.99,51.0
945,9.0,61.0,15.6445,8.2,22.6,14.8,2.32,37.4
946,5.0,67.0,16.7578,6.4,40.3,20.2,4.04,60.5
947,5.0,75.0,17.1094,6.41,35.3,14.0,3.28,49.2
948,10.0,64.0,16.2305,8.04,29.9,13.3,4.18,43.2
949,10.0,56.0,17.7832,5.86,26.7,11.5,2.02,38.2
950,5.0,48.0,16.875,5.91,24.7,14.8,1.79,39.5
951,23.0,65.0,15.3516,6.77,30.6,15.0,3.68,45.6
952,16.0,72.0,15.0879,5.53,32.1,22.7,3.48,54.8
953,16.309638061425844,63.0,17.8125,8.65,34.8,20.6,5.11,55.4
954,9.0,83.0,14.9414,8.15,39.9,21.1,5.2,61.0
955,8.554711500129805,84.0,15.2344,6.04,39.0,18.3,3.54,57.3
956,9.0,84.0,15.7617,7.23,30.5,25.5,4.52,56.0
957,10.0,65.0,15.5859,7.42,26.6,12.8,3.33,39.4
958,8.0,68.0,15.9375,7.73,26.6,13.7,3.55,40.3
959,7.0,58.0,15.7617,5.13,23.3,19.6,2.34,42.9
960,11.121211948611773,21.0,15.2051,10.29,27.1,6.0,1.55,33.0
961,5.0,56.0,14.9121,6.335871451090217,42.17617112866594,25.620949423547778,2.2145025603881714,33.99595090177612
962,8.703418046513647,58.0,14.1211,4.068757652202327,29.654106569279282,18.75121098435902,3.145488642807142,51.13097999405633
963,3.0,39.0,15.0293,9.078661194552014,21.698616057761708,24.427519232554232,2.9389877102157893,42.153887025311036
964,13.0,47.0,15.2344,7.7165415436820926,28.776328692961403,15.286964178014777,2.2472267919105144,29.804058830329772
965,9.0,62.0,15.2344,5.859884381462999,22.331551032507964,19.761504064057316,3.4482202381224845,51.4715360504748
966,7.0,72.0,15.293,7.678786598175199,34.77209271179113,21.05585453568574,2.4379639400087996,48.66759089158042
967,6.0,72.0,15.5273,4.471276763714324,42.27351043535198,21.820164647571573,2.403719436507817,35.249960326237826
968,17.0,65.956782186362,15.8203,6.6918888433788695,22.374627995624284,19.051112536368194,3.782492709506558,43.33689710495547
969,9.0,58.570679305862676,16.4062,7.7257776888883605,14.491282822497272,15.910146669665703,3.4668983123882358,38.46559522155279
970,11.0,46.0,17.2852,5.40956130812031,24.71688078905712,25.66392145803562,4.317109385578628,40.60773088924496
971,9.662532821231956,82.0,15.1758,8.240501721122884,32.34542564236044,19.70287647760692,3.5005140461279307,57.25674281979482
972,11.900911808913285,82.0,15.7617,8.023577541864887,37.612504147211226,23.97023921506148,4.111942405093708,37.38320501533174
973,8.0,80.0,15.8203,6.446898834475613,23.559200255923784,12.351669696879863,3.9747595767787303,54.52182293599248
974,5.0,85.0,15.4688,7.898741666167556,25.6270260395529,20.702433276820283,4.933477564395211,54.62243241052308
975,10.0,86.0,17.2266,6.609964131239339,22.906167697842985,21.411831199845835,3.116337059101879,35.725556468598896
976,7.938152413427908,88.0,15.7324,7.584257493614882,24.808286585623843,19.89978935434448,4.030303955678039,37.67272994532422
977,12.286168200103752,88.0,15.5859,7.330315692253517,29.463441949154305,15.940965481512965,4.235622782374643,63.13739555856285
978,11.0,56.0,17.168,10.015731195125579,23.685620295858218,15.984676853694012,3.46728650536532,50.49593503070969
979,13.95241552640821,39.0,17.1094,7.4398170312239875,36.47419894605865,21.724551853890635,3.413148433832851,40.547375921941246
980,10.364298018435584,53.0,17.2852,5.476296379062077,40.89117296133769,18.550868095550594,2.7395471652950043,45.76154144383233
981,11.0,54.0,17.0508,6.643185767269273,27.79671071846158,17.956371994020618,2.563749649927757,47.660961020766216
982,7.0,71.0,17.168,7.273265057294981,20.78015550750999,19.362001989460865,2.7856844449716647,36.47000536386804
983,16.0,49.0,16.9629,6.200142582850507,13.710739113108321,21.185367635456267,3.8111044976388895,35.49946174242757
984,12.0,61.0,16.9922,7.637765008683514,26.104638222085537,18.742341038377887,3.0236933900081997,38.764054354215844
985,16.0,79.92766770927676,17.2852,7.688890896077625,31.73038159621301,18.950947124031487,3.8254676472251363,44.602013653381675
986,23.0,50.4023920532505,17.4316,10.64562745396865,28.143280997846364,16.244747193210515,4.52774303475489,40.70951018441847
987,25.0,47.107137992868545,17.373,10.694814628790631,31.31023828270965,15.624595225136572,3.885343933263602,47.77597240814861
988,23.0,70.0,17.7539,9.35061293271834,32.876714711902736,23.394778351692814,4.478822947319015,52.248226117034754
989,9.0,66.74806340842812,17.2266,7.551287751923382,24.463372926743364,16.832145895011436,3.276674392833999,47.08344346979638
990,10.0,68.31340877801614,17.0508,6.741604469207793,39.85293586879398,20.948789192082295,2.6803556560984987,37.6340498794267
991,14.0,73.46054011917792,17.1387,5.969414529179673,33.58853183361677,26.480598028079942,4.137187503282446,49.10008879678969
992,13.0,56.0,17.4023,6.145302743628711,24.954244726892345,18.546225380371162,4.998871185472818,64.42963162405752
993,11.0,56.0,17.168,6.362273025323554,15.566892180092363,14.189184690808236,3.8095708301628486,47.53417180786645
994,10.0,66.0,17.5195,6.246045290513139,24.50098145706724,20.700853883468785,3.420884748254716,43.1735162133058
995,8.0,74.0,17.2852,6.854540283148159,33.63705300562404,17.4706230958506,3.641131820791143,49.190519515785454
996,9.0,64.1674149405167,17.8711,6.342346151983775,21.069468948695487,26.430969158578137,2.3607868029551833,35.42469466024144
997,13.0,62.45463887999335,17.6367,4.753395554486608,30.90434988818269,15.701210353257263,2.661153141586825,48.53634991076713
998,12.0,62.27841757197107,18.0615,7.743620968051372,15.177022445420565,14.824029798946952,3.37312115007638,38.576401330746684
999,5.0,68.43008629289486,18.6328,7.677472927927106,10.063213806058172,8.361790152336548,4.399777331715394,45.14517916991633
1000,6.4920942046317265,66.45505998177964,18.5449,7.128686060615857,15.995654512241405,3.6453297256199706,3.1270522600997777,46.75703280919216
1001,8.424461510545967,75.06975752032832,19.9219,8.429448010533143,20.061270049299434,16.815373611905528,4.149081346479489,38.61878586325314
1002,8.77093354407156,81.0,19.4238,8.060511256992664,31.320016332002925,20.60374620676358,4.435876619594367,32.44089691851816
1003,4.0,87.0,19.3359,7.335207136305286,18.07098805521375,4.749297251872351,4.270094332584856,49.6419100043025
1004,15.0,66.3489259102794,17.3438,7.28785778818331,39.09544046748684,21.299429334003783,4.224727311554509,55.50744926741934
1005,18.0,59.642118050997446,17.6953,8.13429444095182,25.923215280400466,16.268228458236734,3.0347321161130223,38.36524118575348
1006,13.176393293650882,64.97640104735325,19.9219,4.5137330616292255,19.71134857925796,12.922545446736976,2.784646325833069,53.34246334746637
1007,9.0,75.1288146561426,19.043,7.603309554605783,44.382298846780074,22.320412663440607,4.489736341832711,61.975877084289486
1008,11.0,62.0,15.8789,6.786946242933121,26.011237735654202,14.253639918393343,2.813333209812628,53.40595351284518
1009,12.0,28.0,16.5527,10.497007792417948,34.97845245260754,18.857351053708967,3.278946162820172,49.320504246357416
1010,12.67901700321152,32.0,17.1094,7.534466212144138,16.16309385331161,12.921879271497126,1.4716518989570226,42.73691526833753
1011,4.0,40.0,17.5781,4.643689630290629,25.089193406060545,25.177097057835436,1.673962110356412,34.38363926009071
1012,7.0,47.0,16.6406,9.19253694238322,31.679110874501138,16.026906713026076,3.382416028625146,61.22338486553175
1013,8.99606529716064,64.0,17.1094,5.769254122118899,34.502904291901984,15.125773769564915,4.289360127495456,59.11966793728801
1014,13.071306022146047,77.0,16.1133,5.300552518134493,24.261812302718905,16.271872295828516,3.804521398830704,60.84544592109754
1015,18.0,59.99396699115554,14.6484,5.805243805192292,23.8146212752256,13.672340722021623,3.717061958492258,45.21161346629551
1016,22.0,69.89188451773258,14.8535,7.595557248774032,29.532438444549403,23.812078370558755,4.165899679172495,49.381108881084224
1017,34.0,56.49679621279186,15.4102,9.432338332464699,28.99526796542965,13.531677654544398,4.118629453310465,48.62732529554614
1018,13.0,67.67033418037744,17.666,6.5443247249505045,26.89584085137791,16.426786273581072,3.7971493066238367,45.00945763559122
1019,15.0,62.53872216322417,17.5195,8.417434661990528,21.698427647977343,11.51549737194,2.558978748948917,36.88515509502029
1020,17.0,69.06249236441178,17.2852,7.4540414434888245,30.355073674937035,21.328307809107066,3.2233599915362863,43.8367458204152
1021,16.0,40.0,15.7617,8.035635719156035,24.700874746462134,13.904608575299353,2.656749602576238,51.41548583663705
1022,12.0,42.0,15.2344,5.62024001843969,20.290024747026788,17.20763719652896,3.165355426962525,38.225460485422346
1023,18.0,52.0,14.5312,8.57974041929244,41.22459208928258,20.128239590406125,5.487612665238814,57.39467483561843
1024,9.0,53.0,14.5312,5.8337851211975496,23.116576712521887,17.568164968875145,4.157648170188211,41.24392929003211
1025,14.0,73.0,14.7949,6.7100931514861175,26.66544334921772,16.551056695936282,3.7712538596803045,47.43317540057929
1026,13.0,78.0,14.5312,6.546580031880257,34.25300193166261,23.14958337667369,3.6023359454246178,44.63422285168328
1027,15.0,75.0,14.0918,7.181901016595365,26.17403168343839,20.420062460153787,3.9807493571824812,44.26901615589771
1028,26.0,69.6976847203687,18.6328,7.596036185067215,32.31427494733235,21.16747366211448,3.483602794730131,42.793098184604354
1029,13.0,50.15516391124777,18.6328,8.590391778017405,19.295751295140118,9.390278714631929,3.0324356646201425,43.950587449760484
1030,33.0,62.80744386460877,18.2227,9.65467410114134,24.39847556399143,14.857832395348956,3.1361151510667242,42.24595895697281
1031,18.0,53.0,17.8711,7.508866376241116,28.00979954922627,15.628057082300185,3.3871390562389596,47.745502224086955
1032,8.0,80.0,15.293,5.55,27.4,13.1,2.44,40.5
1033,13.0,70.0,16.6992,6.67,35.2,17.2,3.9,52.3
1034,10.251729592539505,60.0,17.1387,4.35,26.7,21.1,2.22,47.7
1035,11.79171976142564,47.0,16.3477,7.78,30.5,20.8,4.19,51.3
1036,8.0,63.0,16.9043,5.22,34.4,25.4,3.34,59.9
1037,5.0,65.0,15.5273,2.15,27.8,22.0,1.29,49.8
1038,14.555805771901134,47.0,17.4023,6.22,42.2,18.8,4.06,61.0
1039,11.0,58.0,17.4023,7.97,39.0,21.8,5.25,60.8
1040,11.0,77.0,18.0469,7.4,36.3,26.8,5.37,63.1
1041,6.0,65.0,16.9629,2.34,25.3,19.7,1.21,45.0
1042,17.0,69.0,16.8164,7.48,38.0,16.6,4.7,54.7
1043,9.0,78.0,15.7617,9.25,30.9,25.3,5.44,56.3
1044,7.0,87.0,15.5859,7.39,20.0,23.2,3.31,43.2
1045,8.06616916502088,87.0,15.7617,8.03,30.3,21.3,4.29,51.6
1046,9.0,83.0,15.4688,8.94,41.5,18.2,5.68,59.7
1047,5.0,87.0,15.0293,8.4,39.7,21.8,5.34,61.5
1048,8.173139734659834,64.0,16.0547,4.85,28.2,27.2,2.77,55.4
1049,6.0,63.0,15.5566,8.33,38.2,13.8,4.49,52.0
1050,6.0,69.0,16.7578,6.09,31.6,17.7,3.15,49.2
1051,21.0,55.0,16.6406,9.97,16.8,22.4,4.08,39.3
1052,14.0,64.0,16.7285,4.96,6.5,22.2,2.12,28.7
1053,8.0,62.0,16.5527,7.98,29.6,22.2,3.94,51.8
1054,15.0,50.0,17.2266,7.1,16.7,16.9,2.64,33.6
1055,18.0,59.0,16.9922,8.48,18.8,19.0,3.76,37.7
1056,29.0,62.0,17.168,8.65,17.8,17.5,4.18,35.3
1057,13.0,59.0,17.666,8.6,33.2,20.4,5.02,53.6
1058,15.0,74.0,17.6367,9.26,32.3,19.9,5.22,52.2
1059,7.0,50.0,17.5488,6.36,40.7,21.4,4.18,62.1
1060,9.0,63.0,17.8711,9.49,36.2,22.9,5.24,59.1
1061,17.0,71.0,18.2227,8.65,18.2,13.9,3.2,32.1
1062,19.0,44.0,18.1055,9.3,35.9,17.4,5.52,53.2
1063,12.246353089836248,83.0,17.7539,6.04,35.1,21.6,3.62,56.7
1064,13.0,69.0,17.5195,7.23,28.4,21.1,3.95,49.5
1065,12.0,78.0,16.875,8.42,44.3,19.5,5.73,63.7
1066,13.557866745488155,65.0,16.9629,6.27,20.6,13.6,2.29,34.1
1067,12.0,75.0,16.6992,6.79,33.2,11.3,3.28,44.5
1068,9.0,73.0,16.9043,4.57,22.2,26.1,2.48,48.2
1069,13.0,49.0,16.582,10.37,39.7,16.0,6.35,55.7
1070,14.0,59.0,17.7246,5.57,12.1,21.6,2.17,33.7
1071,16.0,61.0,17.4609,6.96,12.4,19.5,2.5,31.9
1072,9.0,75.0,17.4316,7.72,23.0,23.9,3.81,46.9
1073,11.0,55.0,17.9297,8.39,16.1,17.0,2.41,33.1
1074,12.0,58.0,18.5742,8.1,19.3,23.1,3.78,42.3
1075,14.0,61.0,18.2227,4.91,24.4,20.9,2.58,45.3
1076,11.0,77.0,18.8672,9.53,36.8,21.2,5.8,58.1
1077,6.83710031908992,84.0,19.1602,8.15,41.3,19.6,5.09,61.0
1078,7.0,84.0,18.8672,8.6,34.2,13.8,4.28,48.0
1079,7.0,84.0,19.7461,7.56,35.8,13.6,3.88,49.4
1080,8.0,82.0,19.4531,8.41,38.2,19.9,5.17,58.0
1081,8.0,59.0,19.8047,6.26,33.4,18.6,3.58,52.0
1082,7.592950853716829,47.0,18.6914,10.2,38.1,14.4,4.05,52.5
1083,14.0,46.0,17.7539,7.79,34.8,21.7,4.91,56.5
1084,21.0,37.0,17.4316,8.78,8.9,17.8,2.58,26.8
1085,11.0,45.0,17.168,7.39,18.0,19.7,3.08,37.7
1086,9.0,64.47687872940652,18.5156,4.97,20.9,18.2,2.15,39.2
1087,9.0,68.2678158976757,18.6035,8.62,33.0,15.7,4.53,48.8
1088,7.0,80.0,15.9375,5.65,21.4,4.6,1.59,26.0
1089,8.0,76.0,16.8164,6.27,29.9,20.5,3.42,50.4
1090,9.0,70.0,17.168,7.31,28.6,17.8,3.0,46.4
1091,9.990973364354232,55.0,17.168,7.24,16.7,7.5,1.38,24.2
1092,16.0,61.0,15.3223,7.65,37.3,9.2,3.98,46.5
1093,9.086752630555686,47.0,15.8496,5.06,36.4,12.1,1.76,48.5
1094,9.0,51.0,15.7031,7.13,9.4,15.4,1.58,24.8
1095,21.0,65.0,14.9414,6.55,36.2,19.5,4.65,55.7
1096,14.0,83.0,15.1758,6.97,31.4,22.0,4.35,53.4
1097,24.22989496896298,81.0,15.2051,6.5,37.9,13.2,3.8,51.0
1098,31.0,75.0,14.8242,8.03,30.4,17.0,4.58,47.4
1099,28.0,85.0,15.1172,7.27,28.4,17.1,4.1,45.6
1100,9.0,70.0,14.6484,5.7,34.1,23.2,3.56,57.3
1101,25.0,80.0,14.5898,7.71,19.8,15.4,3.15,35.2
1102,12.490852523148575,59.0,17.3438,6.88,13.7,14.8,2.06,28.5
1103,17.0,63.0,17.5781,7.72,10.9,12.5,2.02,23.4
1104,15.2451959732838,67.29742349675729,17.5488,8.26,25.5,17.4,3.77,43.0
1105,10.0,58.0,18.8086,5.43,22.1,11.2,2.02,33.4
1106,11.0,51.0,17.666,8.41,19.0,13.6,2.78,32.7
1107,11.0,83.0,14.3848,7.37,32.7,22.6,4.89,55.3
1108,10.504895980638452,83.0,14.8242,5.96,39.6,22.5,3.89,62.0
1109,10.00621812300951,75.0,14.5312,6.7,40.2,16.1,3.92,56.3
1110,11.0,62.0,14.3555,7.59,33.7,18.1,3.61,51.8
1111,8.0,55.0,14.8828,7.9,19.1,20.7,3.48,39.8
1112,6.0,53.0,15.5273,6.93,39.7,21.7,4.47,61.4
1113,11.901115485876431,42.0,14.0918,8.22,30.6,11.7,2.68,42.3
1114,27.0,38.0,17.8418,9.29,21.0,16.0,4.12,37.0
1115,17.0,55.0,19.3945,5.67,13.0,12.3,1.79,25.3
1116,29.0,68.0,18.3984,7.49,22.7,15.2,3.37,38.0
1117,30.0,66.14774497690462,18.2812,8.68,21.6,18.4,4.04,40.0
1118,23.0,55.0,15.3809,7.34,26.1,20.0,4.01,46.0
1119,7.0,67.0,16.2891,6.96,32.9,18.2,3.93,51.2
1120,11.0,72.0,16.582,5.95,36.7,18.6,3.54,55.2
1121,12.0,73.0,16.2891,6.85,23.9,21.9,3.49,45.7
1122,6.0,74.0,16.7578,4.28,17.7,26.4,2.22,44.1
1123,11.0,54.0,15.9082,8.46,29.6,25.1,5.12,54.6
1124,4.0,57.0,16.2305,5.58,22.3,18.5,2.36,40.8
1125,7.0,71.0,16.582,6.23,35.7,12.5,3.21,48.2
1126,10.0,78.0,16.7871,7.08,41.3,16.5,4.49,57.8
1127,9.0,82.0,16.9922,7.23,39.3,21.6,4.68,60.9
1128,12.0,59.0,17.4609,7.57,29.3,19.7,3.64,49.0
1129,6.0,67.0,17.4023,5.96,44.2,23.7,4.27,67.9
1130,12.0,71.0,17.3438,7.15,13.0,17.3,2.43,30.3
1131,9.0970202377748,73.0,15.5566,7.68,35.0,24.3,4.73,59.3
1132,11.0,76.0,15.8203,8.78,36.9,21.7,5.46,58.6
1133,11.557425341656568,79.0,15.8203,7.83,21.9,18.1,3.27,40.1
1134,8.806523707611127,86.0,15.4395,6.25,28.4,24.7,3.46,53.1
1135,8.995091774354925,64.0,16.084,4.98,41.7,24.7,3.44,66.4
1136,14.0,59.0,15.9082,8.95,34.3,20.0,5.38,54.2
1137,10.0,49.0,16.1719,8.44,37.6,16.8,5.14,54.4
1138,9.0,71.0,16.6992,7.77,27.8,20.3,4.06,48.1
1139,24.0,58.0,16.5234,8.09,18.9,14.4,3.42,33.3
1140,14.0,59.0,16.875,6.89,34.7,23.6,4.35,58.2
1141,11.0,67.0,16.875,5.51,29.1,27.0,3.35,56.1
1142,10.0,71.0,16.6992,4.54,26.1,20.6,2.47,46.8
1143,14.0,72.0,16.5234,6.44,24.5,24.2,3.44,48.7
1144,16.0,68.0,17.1973,6.61,17.2,18.0,3.21,35.2
1145,15.0,54.0,18.9844,5.28,13.3,9.9,1.61,23.2
1146,27.0,60.0,18.1055,6.09,11.0,15.7,2.01,26.7
1147,14.0,53.0,18.252,10.96,32.4,18.1,5.04,50.5
1148,29.0,66.91474348268002,18.3398,7.78,12.6,16.9,2.69,29.5
1149,12.0,57.0,16.875,6.94,13.6,14.5,2.13,28.1
1150,16.0,75.0,16.6992,7.25,32.0,18.5,4.07,50.5
1151,11.0,83.0,16.6406,7.22,41.7,21.0,4.92,62.7
1152,9.979582329165623,82.0,17.168,5.36,46.1,22.0,3.8,68.1
1153,8.0,61.0,17.4023,6.63,34.6,17.9,3.67,52.4
1154,17.0,43.0,17.2852,9.25,34.7,20.8,5.5,55.4
1155,4.0,39.0,17.2852,6.13,29.9,17.9,2.61,47.8
1156,20.0,45.0,17.6953,7.46,10.4,25.6,3.07,36.0
1157,16.0,67.0,17.9004,7.0,12.8,17.6,2.55,30.4
1158,11.0,64.0,18.1641,7.45,6.9,23.5,2.06,30.4
1159,11.0,72.0,17.9883,6.34,20.7,20.3,2.81,41.0
1160,19.0,69.0,18.1055,8.37,19.2,18.5,3.64,37.7
1161,12.0,72.0,17.7539,6.43,22.7,18.9,3.06,41.6
1162,8.58621710221017,59.0,18.2812,5.81,46.8,18.9,3.9,65.7
1163,10.174253025036222,63.0,19.4238,8.86,35.8,13.2,4.5,49.0
1164,12.0,56.0,19.4531,10.39,25.8,16.5,4.75,42.3
1165,7.0,72.0,19.7754,7.39,39.0,21.0,4.66,60.1
1166,7.0,70.0,19.2188,6.75,40.0,18.5,4.21,58.5
1167,4.0,55.0,19.3652,7.78,33.0,18.1,4.1,51.1
1168,11.0,64.0,18.9258,7.96,38.0,10.7,4.24,48.7
1169,13.0,60.0,16.7578,6.64,9.6,16.6,1.99,26.1
1170,14.0,59.0,16.7871,8.65,20.8,20.3,3.97,41.1
1171,17.0,66.05076449424712,17.7539,6.93,16.8,18.0,2.63,34.9
1172,9.0,67.0,15.2051,5.87,29.0,11.8,2.59,40.8
1173,17.0,65.0,14.9414,7.3,29.8,17.9,3.94,47.8
1174,6.0,62.0,15.8203,7.05,33.2,11.9,2.61,45.1
1175,11.248119710294162,64.0,15.3516,6.51,28.9,15.8,3.08,44.8
1176,14.0,75.0,15.4102,6.12,36.8,16.4,3.67,53.2
1177,7.0,64.0,16.8164,5.69,32.4,10.9,1.99,43.3
1178,11.0,68.0,15.6152,7.07,40.8,15.7,4.25,56.5
1179,20.0,79.0,14.6484,5.34,33.2,15.4,3.09,48.6
1180,31.0,71.0,14.7363,6.84,37.5,12.7,4.27,50.2
1181,27.0,74.0,14.8242,7.77,25.2,15.1,4.02,40.3
1182,16.0,78.0,15.3809,4.96,36.4,15.1,3.11,51.5
1183,19.0,71.0,15.2344,6.31,33.1,20.5,3.94,53.6
1184,34.0,71.0,14.5898,8.29,32.7,18.2,5.2,51.0
1185,20.0,77.0,14.8828,8.66,31.8,14.1,4.53,45.9
1186,15.0,63.477636201270975,15.4102,6.26,28.6,17.3,3.45,45.9
1187,23.0,56.94981759999286,16.9336,9.77,20.6,13.0,3.57,33.6
1188,23.0,59.86604123690163,16.1719,9.19,26.0,9.3,3.76,35.3
1189,15.0,45.0,16.2305,6.96,23.3,8.8,2.12,32.1
1190,18.0,42.0,17.2852,6.51,27.4,18.0,3.12,45.4
1191,10.0,67.0,17.5781,8.24,38.1,20.0,5.11,58.1
1192,18.439810008354762,81.0,17.7539,7.86,19.3,11.5,2.62,30.8
1193,19.0,86.0,17.8711,6.91,22.7,16.6,3.29,39.4
1194,12.0,46.0,17.6953,8.26,24.6,17.8,3.12,42.4
1195,13.0,52.0,17.8125,9.44,32.6,19.8,6.04,52.3
1196,11.0,47.0,17.4023,6.87,25.1,17.4,3.35,42.5
1197,10.670962072357376,61.0,14.3848,6.96,46.9,21.8,5.01,68.7
1198,8.35209683675177,73.0,14.2969,6.71,32.3,27.0,4.13,59.3
1199,7.0,79.0,14.1797,5.8,33.2,18.3,3.18,51.5
1200,8.376006000123802,70.0,14.2969,7.85,31.1,17.2,3.9,48.3
1201,8.0,72.0,14.3555,8.71,34.2,18.2,4.76,52.4
1202,8.0,63.0,14.458,8.66,36.1,16.1,4.79,52.2
1203,16.0,72.0,14.8242,7.46,32.7,21.1,4.49,53.7
1204,15.0,57.11159460911066,18.5742,7.43,25.6,14.2,2.89,39.8
1205,32.0,64.08114706420554,19.0137,7.99,24.1,19.9,4.4,44.0
1206,29.0,65.0,18.7793,7.3,21.7,18.3,3.58,40.0
1207,6.059692926137373,74.0,17.8711,8.39,39.8,23.5,5.41,63.3
1208,13.0,65.0,15.7617,6.36,17.8,18.9,2.66,36.8
1209,9.0,68.0,15.8789,7.58,31.7,10.6,3.6,42.3
1210,4.0,69.0,16.6113,5.98,39.6,11.6,3.26,51.2
1211,7.0,78.0,15.9961,6.28,44.7,16.9,4.08,61.6
1212,8.0,80.0,16.2012,5.26,31.6,20.3,3.02,51.9
1213,13.0,56.0,16.0986,5.36,35.3,12.5,2.83,47.8
1214,7.0,67.0,16.4062,5.06,24.1,21.6,2.52,45.7
1215,15.0,83.0,17.6074,6.82,21.2,18.0,2.92,39.1
1216,10.0,86.0,17.2266,7.43,21.0,16.3,3.05,37.3
1217,16.0,75.0,17.2559,8.62,44.9,13.7,5.89,58.7
1218,8.0,78.0,16.9629,7.03,34.2,19.9,4.13,54.1
1219,8.0,77.0,17.2852,5.45,47.2,18.3,3.91,65.5
1220,11.0,50.0,16.8457,6.16,26.3,20.6,3.26,46.9
1221,6.0,71.0,15.9375,7.74,34.0,19.6,4.51,53.6
1222,6.0,82.0,16.2598,8.96,37.1,22.5,5.54,59.6
1223,7.0,90.0,15.790999999999999,8.69,39.3,19.1,5.29,58.5
1224,15.736967809180896,78.0,15.6738,8.03,33.5,22.7,4.81,56.2
1225,10.184571316728416,67.0,16.4062,5.75,29.3,23.2,3.15,52.5
1226,17.0,76.0,15.249,7.61,27.5,21.1,4.05,48.6
1227,7.0,61.0,16.7285,5.73,21.8,15.6,2.37,37.4
1228,17.0,64.0,17.0801,8.95,22.1,16.2,3.92,38.4
1229,12.0,77.0,17.3438,8.32,24.9,18.7,4.15,43.7
1230,10.0,75.0,17.5195,5.67,27.2,18.0,2.74,45.1
1231,11.0,71.0,17.2266,6.77,19.6,26.5,3.55,46.0
1232,13.0,68.0,17.0215,5.72,20.7,20.8,2.67,41.5
1233,12.015987812064125,82.0,17.4609,7.38,34.6,23.8,4.51,58.4
1234,13.0,63.981260637361935,18.2812,10.58,39.9,15.4,6.21,55.3
1235,15.0,67.49842430709413,17.6953,9.07,22.8,11.6,3.38,34.4
1236,9.0,78.0,17.168,10.11,31.7,16.4,5.07,48.1
1237,10.6279210464373,67.0,17.4023,8.31,37.5,18.0,4.78,55.5
1238,5.0,81.0,17.4023,8.56,34.0,17.6,4.51,51.6
1239,9.0,32.0,17.4023,8.84,26.9,16.5,4.2,43.4
1240,10.134925357449156,25.0,17.5781,11.07,11.1,6.5,1.43,17.6
1241,12.0,55.0,16.8457,7.4,34.5,26.3,4.99,60.8
1242,9.0,68.0,17.2559,5.5,20.5,12.7,2.04,33.1
1243,12.0,60.0,16.875,6.46,30.8,20.7,3.58,51.6
1244,9.0,57.0,16.8164,5.06,37.2,15.8,2.89,53.0
1245,15.0,62.0,17.0508,8.67,26.7,17.3,4.2,44.0
1246,12.0,42.0,17.2266,6.13,32.9,16.7,3.36,49.6
1247,6.0,60.0,17.8125,7.86,25.8,13.0,2.48,38.8
1248,15.0,74.0,18.2227,7.32,31.2,21.2,4.2,52.5
1249,7.0,79.0,17.7832,7.01,19.6,24.0,3.2,43.7
1250,10.0,65.0,17.6367,8.24,13.5,22.4,2.55,35.9
1251,11.0,75.0,18.1055,6.16,34.1,21.9,3.88,56.0
1252,17.0,57.0,17.3145,6.31,21.8,20.5,2.97,42.2
1253,10.0,75.0,19.5703,8.59,39.8,19.4,5.31,59.1
1254,9.0,77.0,19.1016,7.66,30.4,15.6,3.69,46.0
1255,11.0,79.0,19.4531,7.75,41.6,15.8,4.83,57.4
1256,9.0,84.0,19.3652,8.14,38.1,19.8,4.97,57.9
1257,5.0,90.0,19.2188,6.67,34.2,16.8,3.59,51.0
1258,6.0,65.0,19.8047,4.92,34.7,12.3,2.48,47.0
1259,10.318396025903766,79.0,18.9258,7.29,37.1,13.5,3.86,50.7
1260,19.0,67.51122599699795,17.3438,8.3,10.5,11.3,2.03,21.9
1261,14.0,67.81935352585157,17.4023,6.98,34.3,21.5,4.36,55.8
1262,21.0,53.0,17.5195,5.43,13.2,20.0,2.11,33.3
1263,17.0,40.0,17.6953,7.86,19.9,13.7,3.02,33.5
1264,16.554682031965804,73.0,15.4688,6.39,36.2,14.2,3.48,50.4
1265,16.35251098401563,82.0,16.6406,6.85,30.6,21.5,3.85,52.2
1266,4.0,67.0,15.7031,4.6,42.8,5.2,2.39,48.0
1267,11.0,85.0,16.5234,6.74,36.0,15.8,3.74,51.7
1268,16.0,73.0,15.0586,7.1,34.1,16.2,3.98,50.3
1269,10.783158152062121,49.0,14.707,6.66,37.1,18.5,3.87,55.6
1270,15.0,43.0,14.7656,6.26,28.0,8.8,2.01,36.8
1271,23.0,66.0,15.1465,5.29,31.6,15.7,3.26,47.3
1272,23.0,68.0,15.7031,8.29,25.5,16.8,3.63,42.3
1273,38.0,71.0,15.1465,8.65,27.6,12.9,4.23,40.6
1274,20.0,71.0,15.6445,6.12,20.9,14.4,2.65,35.3
1275,16.0,80.0,15.293,6.45,37.0,15.2,3.87,52.2
1276,11.0,68.0,17.2266,7.06,27.1,20.2,3.77,47.4
1277,23.0,79.0,17.6367,7.43,23.0,19.0,3.65,42.0
1278,9.0,82.0,17.5488,8.04,28.7,19.6,4.36,48.3
1279,14.830488174394219,72.0,17.4609,7.01,29.4,18.8,3.59,48.3
1280,17.0,44.0,17.8711,7.9,18.9,16.5,3.01,35.4
1281,17.34615175725883,55.0,17.4609,6.3,20.3,21.6,2.87,41.9
1282,15.0,67.0,14.4727,9.46,31.9,13.7,4.85,45.6
1283,18.0,78.0,14.9414,8.79,32.1,22.0,5.19,54.1
1284,14.0,81.0,15.7617,9.6,38.9,16.9,5.95,55.7
1285,8.0,74.0,15.1172,7.48,25.9,16.9,3.73,42.8
1286,7.0,63.0,14.9121,7.29,30.8,12.2,2.93,43.0
1287,10.271132111817458,61.0,16.5234,1.47,14.4,8.5,0.35,22.9
1288,11.0,42.0,15.0586,12.74,25.4,21.6,3.67,47.0
1289,20.0,63.09298190250945,18.0762,6.06,26.5,16.8,3.23,43.3
1290,25.0,59.803690140861484,17.9883,8.77,10.4,9.4,2.12,19.8
1291,12.0,72.0,15.4102,7.2,40.9,12.6,4.15,53.5
1292,16.0,68.0,15.7324,8.27,36.5,22.3,5.36,58.8
1293,10.0,80.0,15.8203,5.99,29.6,22.7,3.64,52.3
1294,4.0,82.0,16.5527,4.01,16.8,7.0,1.09,23.8
1295,6.0,38.0,16.4062,6.99,29.7,25.8,2.41,55.5
1296,9.0,60.0,14.7656,6.59,31.3,22.0,3.73,53.3
1297,12.0,63.0,16.6406,7.06,24.1,23.0,3.63,47.1
1298,14.0,62.0,17.4609,8.63,25.8,25.8,3.96,51.6
1299,13.0,68.0,16.2305,7.4,45.5,25.5,5.66,71.0
1300,17.0,79.0,16.7578,7.45,41.5,18.1,5.03,59.6
1301,16.0,73.0,17.4023,9.19,26.3,17.3,3.84,43.6
1302,16.0,44.0,17.3438,8.43,17.4,7.5,1.87,24.9
1303,8.0,72.0,15.6445,8.76,34.2,26.9,5.68,61.0
1304,7.0,76.0,15.3516,8.1,25.9,24.6,4.39,50.5
1305,11.94873466145863,85.0,15.8789,8.52,19.8,23.1,3.82,42.9
1306,10.0,50.0,16.3477,7.6,32.8,23.7,4.6,56.6
1307,12.0,68.0,15.7617,8.77,24.4,24.2,4.5,48.5
1308,3.0,78.0,15.9961,7.39,26.3,24.5,3.85,50.8
1309,10.0,61.0,16.4648,6.68,28.2,21.4,3.66,49.6
1310,10.797457770094539,58.0,16.9922,7.21,31.0,20.5,2.59,51.5
1311,18.0,49.0,17.2852,8.18,19.7,17.8,2.91,37.5
1312,7.0,61.0,16.6406,9.74,32.7,24.0,4.7,56.6
1313,15.0,64.0,17.1387,8.06,28.4,23.1,4.53,51.5
1314,18.0,73.0,17.5195,6.3,28.6,19.1,3.47,47.7
1315,10.0,48.0,17.168,3.35,14.2,19.4,1.35,33.6
1316,6.0,54.0,17.0508,9.12,34.5,18.0,3.88,52.4
1317,24.894244404569818,45.0,17.5195,9.68,29.9,17.6,4.59,47.6
1318,11.386334841543508,51.0,17.9297,4.36,18.6,14.7,1.54,33.3
1319,9.951539752394154,43.0,17.7246,10.19,40.3,17.4,5.6,57.7
1320,18.0,41.0,17.6367,9.08,36.2,20.4,4.92,56.6
1321,15.0,41.0,17.5781,7.81,30.6,17.0,4.14,47.6
1322,10.325837393209092,45.0,17.3438,5.98,39.3,20.0,3.7,59.3
1323,15.719055114285396,65.0,16.7578,6.18,38.9,13.4,3.48,52.3
1324,21.308550373345597,73.0,16.1719,7.21,22.0,11.6,2.69,33.7
1325,17.15906661869927,66.0,17.0215,8.23,44.8,22.7,5.98,67.5
1326,14.0,80.0,17.2266,6.99,37.0,18.8,4.6,55.8
1327,17.0,70.0,16.9922,5.43,24.2,17.4,2.56,41.6
1328,12.0,52.0,17.0068,6.23,30.6,20.5,3.62,51.1
1329,15.0,88.0,17.4609,6.59,22.9,22.7,3.37,45.6
1330,18.0,81.0,17.5781,8.03,30.6,20.1,4.46,50.7
1331,18.0,78.0,17.9297,6.36,21.6,20.0,3.0,41.6
1332,18.0,74.0,17.5488,8.89,19.4,17.9,3.31,37.4
1333,18.0,77.0,17.959,7.37,36.5,17.9,4.69,54.4
1334,11.0,82.0,17.6367,6.32,23.0,21.6,3.18,44.6
1335,7.0,81.0,19.0723,6.72,38.2,16.0,3.8,54.1
1336,10.0,73.0,19.5117,8.83,41.7,10.9,4.84,52.6
1337,17.0,84.0,19.541,8.43,41.4,20.3,5.62,61.8
1338,8.171234543201898,87.0,19.7168,7.87,42.0,18.4,4.88,60.4
1339,12.12077681998771,79.0,18.8672,7.51,38.5,18.2,4.46,56.7
1340,10.0,52.0,18.9258,10.56,33.2,12.8,3.52,46.0
1341,14.564698728297813,39.0,19.2773,7.38,28.3,19.8,3.76,48.1
1342,28.0,64.25836108826405,17.0508,7.73,23.2,13.8,3.37,37.0
1343,18.0,67.14132380637426,17.5781,6.76,30.9,17.8,3.91,48.8
1344,18.0,51.0,15.5859,8.32,39.9,16.3,4.59,56.2
1345,12.717496517330218,51.0,14.707,5.99,27.0,14.4,2.1,41.3
1346,7.0,51.0,15.7324,4.7,31.4,9.5,2.07,40.9
1347,10.0,16.0,15.293,8.3,19.6,11.3,1.86,30.9
1348,8.0,34.0,15.293,4.84,23.3,10.8,1.89,34.1
1349,14.0,27.0,15.1172,9.07,44.9,15.2,3.88,60.1
1350,10.0,43.0,15.8203,7.21,33.8,13.9,3.74,47.8
1351,31.0,60.26898799314941,15.2344,6.74,18.6,14.5,2.74,33.2
1352,31.0,63.08340645193323,14.9707,7.12,31.2,14.8,3.85,46.1
1353,29.0,64.80973085322722,15.0586,6.87,29.0,18.4,3.97,47.3
1354,28.0,92.0,14.7949,6.93,35.1,18.3,4.43,53.4
1355,22.0,87.0,15.0,5.85,20.8,10.6,2.32,31.4
1356,34.0,64.0,14.5898,7.52,31.1,17.4,3.88,48.5
1357,37.0,53.0,14.7949,9.08,27.9,17.8,5.26,45.7
1358,17.0,61.724062227049906,15.1758,7.94,25.1,11.0,3.18,36.1
1359,15.0,65.20964869784709,17.5781,5.22,13.9,21.8,2.11,35.7
1360,12.447767720559128,68.31937728673913,17.4609,5.76,34.4,20.1,3.34,54.5
1361,15.0,34.0,15.1172,11.37,30.3,18.2,5.12,48.5
1362,16.0,47.0,15.1758,7.25,26.5,18.9,3.62,45.4
1363,9.0,55.0,15.8789,8.9,28.9,18.3,4.1,47.2
1364,20.0,33.0,16.2891,7.31,22.4,19.3,4.08,41.8
1365,11.157034034350389,41.0,16.0254,6.39,38.2,18.6,3.81,56.8
1366,8.0,66.0,15.6152,4.61,26.8,17.1,2.21,43.8
1367,13.0,45.0,15.8203,11.57,20.2,25.9,4.88,46.1
1368,27.0,62.303781434633976,17.5781,7.48,8.5,17.3,2.57,25.8
1369,24.0,42.0,18.0469,7.22,14.2,17.0,2.79,31.1
1370,18.0,53.0,18.9258,5.43,24.3,16.8,2.69,41.1
1371,11.649300003815384,63.0,17.4902,4.56,34.3,28.4,3.11,62.7
1372,8.0,48.0,17.8711,2.98,21.6,15.7,1.28,37.3
1373,16.0,61.0,15.0586,8.4,20.5,9.6,2.86,30.1
1374,9.0,54.0,16.3477,5.22,26.9,18.9,2.62,45.8
1375,7.0,65.0,15.5273,8.02,46.3,15.4,5.14,61.7
1376,8.0,69.0,16.2598,6.31,21.4,14.4,2.46,35.8
1377,11.0,76.0,16.6992,7.38,33.9,15.6,3.9,49.5
1378,14.0,81.0,16.6113,6.59,32.4,20.9,3.88,53.3
1379,9.0,84.0,16.084,7.07,24.3,15.0,3.04,39.3
1380,14.0,65.99677229673085,17.2852,7.74,35.7,14.3,4.27,50.0
1381,11.0,68.62354365777936,17.2852,6.91,37.4,17.7,4.08,55.1
1382,14.0,56.49411154042216,17.4023,9.26,31.6,14.7,4.02,46.3
1383,2.0,70.0,17.4609,5.87,48.7,28.5,4.71,77.2
1384,12.0,53.0,17.1094,8.68,9.2,16.7,2.11,25.9
1385,12.263878639686048,60.0,17.2852,8.79,33.7,22.9,3.24,56.5
1386,10.64119127252738,72.0,15.2344,7.04,24.5,27.5,3.8,52.1
1387,9.0,74.0,15.293,6.63,31.0,20.4,3.88,51.5
1388,10.97218397331757,78.0,15.1172,7.28,36.6,20.9,4.38,57.5
1389,12.0,67.0,15.790999999999999,8.18,26.3,20.2,4.1,46.4
1390,4.972133979537126,80.0,15.293,7.98,33.4,24.7,4.7,58.1
1391,10.27402920504209,72.0,15.9961,4.34,33.0,22.7,2.53,55.7
1392,8.132859952189278,75.0,15.293,7.03,38.2,17.3,4.05,55.5
1393,10.0,49.0,16.6406,6.72,34.4,27.2,3.62,61.6
1394,12.0,66.0,16.875,4.96,24.0,17.7,2.31,41.6
1395,12.0,60.0,16.1719,7.26,31.0,23.5,4.08,54.5
1396,15.581251095517572,70.0,17.1094,7.5,28.6,23.9,4.22,52.4
1397,16.0,75.0,16.4941,6.7,21.8,18.7,3.25,40.6
1398,9.0,84.0,16.4062,6.0,29.1,20.3,3.23,49.4
1399,8.0,82.0,15.8789,6.25,39.9,25.4,4.32,65.4
1400,12.66304856168955,68.0,16.9922,8.02,30.5,19.6,4.22,50.1
1401,18.0,61.0,17.3438,9.77,34.3,20.1,5.99,54.4
1402,12.324492048556806,75.0,17.7539,9.09,27.4,20.5,4.53,47.9
1403,8.803181470040869,58.0,17.5195,9.34,28.1,22.2,4.1,50.2
1404,1.0,54.0,17.4023,2.01,28.0,4.9,0.8,32.9
1405,4.0,45.0,17.2266,8.14,45.0,21.4,3.29,66.3
1406,11.0,43.0,17.2559,10.08,26.5,14.5,4.61,40.9
1407,19.0,61.0,16.7578,9.16,36.5,23.5,5.97,60.1
1408,13.244421371539204,62.0,16.5527,5.79,37.2,20.2,3.53,57.4
1409,16.0,52.0,16.9336,7.78,22.9,15.0,3.31,38.0
1410,12.0,69.0,16.5234,6.48,24.2,18.4,3.01,42.6
1411,7.0,75.0,16.4648,7.17,31.6,16.2,3.6,47.7
1412,7.692334248232214,61.0,16.2598,4.43,38.9,18.7,2.59,57.6
1413,10.0,75.0,16.4062,6.27,36.3,23.1,4.06,59.4
1414,15.0,49.0,17.8418,6.18,29.4,18.9,3.27,48.3
1415,13.0,62.0,18.2812,4.42,31.3,23.2,2.75,54.5
1416,9.0,50.0,18.1641,8.81,26.6,21.5,3.76,48.0
1417,10.0,71.0,18.0762,6.35,36.0,25.3,4.22,61.2
1418,14.0,78.0,17.6367,7.28,37.8,23.5,5.22,61.3
1419,14.0,79.0,18.1641,5.31,29.4,20.6,3.52,50.0
1420,10.0,53.0,18.75,6.98,38.7,13.9,3.86,52.6
1421,6.0,61.0,18.7207,7.88,35.5,17.4,4.35,52.9
1422,8.298395435917925,69.0,19.0723,7.18,36.6,23.8,4.44,60.4
1423,10.0,79.0,18.75,8.29,35.5,18.4,4.71,54.0
1424,8.510445309252084,85.0,18.5742,7.47,37.8,20.4,4.48,58.3
1425,5.0,65.0,19.1016,7.9,35.9,20.7,4.02,56.6
1426,7.359532291975249,74.0,18.9844,6.97,45.9,14.3,4.28,60.2
1427,24.0,66.20636576939185,18.1055,7.9,21.3,17.0,3.38,38.3
1428,18.0,64.74413248844253,17.8125,5.88,28.5,18.9,3.46,47.5
1429,21.0,65.79493469154036,18.0176,7.91,19.5,19.0,3.69,38.5
1430,16.0,54.0,15.8789,8.77,28.9,13.7,4.2,42.6
1431,19.0,67.0,14.5312,6.62,40.6,11.2,3.84,51.8
1432,16.082053068801855,68.0,15.8789,6.33,31.9,15.7,3.24,47.6
1433,10.0,63.0,15.8789,7.75,29.5,15.2,3.15,44.7
1434,13.172179483138876,76.0,15.6152,6.32,26.0,17.4,2.92,43.5
1435,6.0,84.0,15.2344,5.13,32.4,18.3,2.86,50.7
1436,11.192550701377158,66.0,15.5859,7.27,45.3,22.2,3.99,67.5
1437,25.0,51.0,14.5898,7.09,32.4,18.9,4.34,51.3
1438,30.0,68.0,14.4727,7.18,22.8,17.6,3.56,40.3
1439,21.0,72.0,14.9414,6.19,30.6,15.6,3.46,46.3
1440,23.0,80.0,15.2051,7.14,33.8,14.1,4.22,47.9
1441,16.0,83.0,14.7656,4.81,24.0,23.1,2.63,47.1
1442,26.0,51.0,14.7949,10.3,18.8,15.8,4.12,34.6
1443,20.0,66.28885421183568,17.3438,6.22,32.2,20.5,3.8,52.7
1444,11.0,70.02931017312613,17.5781,7.17,21.1,24.3,3.49,45.4
1445,12.54956724228304,66.44845395715129,17.4902,5.94,27.7,19.3,2.95,47.0
1446,15.0,82.0,18.0908,6.96,34.2,18.6,4.04,52.8
1447,24.0,34.0,15.0879,10.88,20.7,16.6,3.51,37.3
1448,12.0,35.0,15.2344,8.53,27.2,14.2,4.53,41.4
1449,11.0,27.0,15.5859,8.54,29.3,11.3,3.41,40.6
1450,10.0,26.0,15.1758,10.48,35.3,13.0,4.21,48.3
1451,9.0,40.0,15.0,7.02,35.8,18.4,4.03,54.2
1452,16.0,53.0,15.7617,10.3,20.3,17.3,3.71,37.6
1453,5.0,37.0,15.5859,6.18,36.6,11.5,2.51,48.1
1454,12.0,88.0,15.7471,6.67,32.6,24.1,4.28,56.8
1455,11.0,73.0,15.4102,5.3,37.2,17.7,3.19,54.9
1456,12.0,81.0,16.2305,6.42,31.0,7.8,2.79,38.8
1457,7.0,84.0,16.377,5.7,31.8,27.4,3.65,59.2
1458,11.0,91.0,15.3516,5.9,32.6,16.9,3.28,49.5
1459,4.0,86.0,15.3809,4.02,19.1,17.8,1.72,37.0
1460,5.0,73.0,14.0332,3.25,29.5,12.7,1.63,42.1
1461,9.799764557205208,42.0,17.3584,4.49,24.3,12.9,1.73,37.2
1462,8.0,66.72200232769593,16.875,7.58,34.3,18.8,4.24,53.1
1463,12.0,67.16161692542953,16.875,7.61,33.5,19.7,4.67,53.2
1464,8.0,71.9785063881269,17.2852,7.17,49.7,25.3,5.67,75.0
1465,10.0,70.0,17.6953,8.77,47.0,25.0,6.68,72.0
1466,12.0,78.0,16.377,7.72,40.4,23.7,5.41,64.0
1467,6.0,76.0,16.084,8.33,38.3,27.4,5.77,65.7
1468,7.0,71.0,15.8789,8.9,31.4,20.2,4.86,51.6
1469,11.519512444297575,86.0,15.7031,8.62,31.6,25.5,5.13,57.1
1470,15.389755204107374,87.0,15.7031,8.8,28.6,18.9,4.45,47.4
1471,14.0,88.0,15.9375,7.79,26.3,22.3,4.25,48.5
1472,10.0,82.0,15.9961,8.66,20.3,15.8,3.41,36.1
1473,15.0,80.0,15.8203,7.94,28.4,22.9,4.43,51.3
1474,9.985714647687153,82.0,16.6992,3.77,28.9,15.9,1.77,44.8
1475,7.267781255047531,67.0,16.875,4.8,34.0,19.2,2.63,53.2
1476,14.0,67.0,16.6992,6.28,25.9,23.4,3.77,49.3
1477,16.0,62.0,16.9922,6.9,31.0,23.8,4.23,54.8
1478,13.0,70.0,16.6992,5.99,29.7,25.7,3.58,55.4
1479,12.0,75.0,16.9043,6.11,33.3,20.5,3.57,53.8
1480,16.0,53.0,17.6367,5.0,13.5,13.8,1.62,27.3
1481,12.78581677465948,64.0,17.1387,7.4,47.4,23.2,5.51,70.6
1482,14.0,68.0,17.6953,8.83,39.1,18.6,5.45,57.7
1483,15.0,78.0,17.1973,7.12,27.9,18.1,3.64,46.0
1484,19.256993817611182,67.0,17.0508,9.51,18.3,20.6,3.6,38.9
1485,11.0,78.0,17.4609,7.6,28.4,20.0,3.96,48.4
1486,13.121071142368564,71.0,16.1719,6.86,36.1,14.6,3.68,50.7
1487,15.0,40.0,16.3184,7.51,35.2,26.2,5.13,61.4
1488,11.782259313891018,47.0,17.1094,6.78,45.1,20.4,4.68,65.5
1489,10.0,70.0,17.0215,7.24,25.8,14.8,3.13,40.6
1490,6.0,66.0,16.7578,4.94,36.3,17.8,2.83,54.1
1491,17.658526290606517,77.0,17.2266,5.51,36.1,17.9,3.31,54.0
1492,16.0,59.0,17.2852,7.97,41.4,22.7,5.7,64.1
1493,10.0,64.0,17.7539,7.82,18.4,26.6,3.18,45.0
1494,15.0,73.0,17.9004,8.23,15.1,20.1,3.14,35.2
1495,9.408593827728964,59.0,17.959,2.69,25.8,0.0,0.71,25.8
1496,19.0,62.0,17.5195,7.7,19.7,20.2,3.51,39.9
1497,18.0,73.0,17.4023,7.78,24.8,23.9,4.36,48.8
1498,19.559939083390958,65.0,17.5195,7.73,11.6,15.8,1.99,27.4
1499,15.0,59.0,18.0176,8.78,33.9,23.0,5.37,56.8
1500,8.258888789552316,67.0,19.0137,7.86,27.9,17.7,3.68,45.6
1501,6.9061072901862985,78.0,19.1602,6.76,34.9,21.3,3.85,56.3
1502,12.5981253484873,77.0,18.9844,8.24,34.1,20.0,4.66,54.1
1503,12.0,73.0,19.1602,7.44,31.2,22.1,4.25,53.3
1504,11.0,83.0,19.1309,8.03,39.3,20.0,5.07,59.2
1505,8.0,83.0,18.8672,6.84,27.2,15.1,3.17,42.3
1506,9.11376671086149,78.0,19.2188,8.5,37.1,7.0,3.84,44.1
1507,9.0,56.0,14.707,8.24,24.5,16.4,2.57,40.9
1508,17.0,67.0,15.0586,6.97,17.0,19.0,2.35,36.0
1509,19.0,59.0,14.6484,6.47,29.6,20.0,3.54,49.6
1510,15.301507895054307,61.0,14.6191,7.69,24.0,12.0,2.46,36.0
1511,14.0,70.0,15.0293,7.27,25.6,14.7,3.27,40.3
1512,13.0,80.0,14.2383,5.82,20.5,10.7,2.07,31.1
1513,11.0,74.0,14.4141,6.03,3.9,12.1,1.18,16.0
1514,20.0,49.0,14.1797,6.72,27.0,18.6,3.63,45.7
1515,32.0,47.0,14.0039,8.43,30.1,17.3,4.77,47.4
1516,22.0,47.0,14.0918,7.01,31.6,16.2,3.92,47.9
1517,23.0,58.0,14.4141,5.06,35.2,22.8,3.56,58.1
1518,18.0,62.0,14.5312,5.02,16.9,21.8,2.24,38.7
1519,13.0,63.13121411444666,16.0547,7.3,8.2,16.5,2.05,24.8
1520,15.0,86.0,18.2227,7.6,25.7,22.2,3.97,47.9
1521,13.0,86.0,17.6953,6.65,28.6,21.8,3.61,50.4
1522,12.075016547415494,89.0,17.8418,7.15,18.0,16.0,2.55,33.9
1523,17.81183210966598,91.0,17.3438,6.52,21.0,21.3,3.02,42.2
1524,9.0,91.0,17.3438,6.89,36.6,18.1,4.02,54.8
1525,17.250718194323376,91.0,17.3145,6.83,27.2,19.3,3.44,46.5
1526,12.672877436854037,76.0,17.6367,8.95,25.5,18.7,4.16,44.2
1527,1.0,62.0,15.9082,6.21,31.5,20.5,3.38,52.0
1528,10.0,57.0,15.498,9.4,38.5,16.9,4.49,55.4
1529,15.0,58.0,14.7656,7.66,25.9,14.9,3.06,40.8
1530,15.0,51.0,15.3223,8.49,29.8,17.8,4.22,47.6
1531,15.0,67.0,15.4102,8.96,35.6,18.3,4.54,53.9
1532,14.0,73.0,15.2344,6.4,30.7,20.1,3.64,50.8
1533,15.0,72.0,15.5273,7.53,20.6,21.6,3.69,42.2
1534,11.0,60.15937255712819,17.5488,3.86,5.6,13.4,0.88,19.1
1535,16.0,68.10810240074665,17.5195,5.21,17.4,18.6,2.09,35.9
1536,28.0,66.73130408676741,18.457,6.16,16.1,21.4,2.75,37.5
1537,20.0,81.0,17.8418,6.57,23.0,14.9,2.85,37.9
1538,36.0,54.0,17.8125,8.94,19.4,17.1,4.12,36.5
1539,8.0,79.0,14.9414,6.07,36.9,18.3,3.62,55.2
1540,6.0,85.0,15.5273,5.82,22.5,18.0,2.59,40.5
1541,14.0,70.0,15.4102,7.39,23.8,18.7,3.59,42.6
1542,12.40202670705505,84.0,15.3516,6.6,28.5,16.8,3.16,45.3
1543,14.0,89.0,15.7031,5.77,30.0,24.5,3.69,54.5
1544,10.0,84.0,15.4688,5.33,11.6,22.4,2.0,34.0
1545,15.0,74.0,16.6699,6.79,35.9,14.2,3.96,50.1
1546,20.0,80.0,16.8164,7.96,40.3,23.5,5.95,63.8
1547,21.0,87.0,16.7285,7.82,34.1,18.6,4.79,52.7
1548,12.0,58.0,16.2891,8.2,39.0,23.6,4.24,62.6
1549,11.0,74.0,16.7578,7.04,39.1,16.8,4.45,55.9
1550,5.0,68.0,16.4062,7.19,35.0,24.7,4.54,59.7
1551,9.694788097948987,79.0,15.498,7.54,32.3,26.8,4.61,59.0
1552,12.713618487533772,83.0,15.4688,8.13,36.4,25.5,5.3,61.9
1553,7.0,82.0,15.6006,8.15,31.4,21.5,4.45,52.9
1554,9.869226969318447,85.0,15.5859,8.99,20.5,18.9,3.67,39.5
1555,5.0,67.0,16.0547,4.87,29.3,24.4,2.75,53.7
1556,10.0,73.0,16.9336,6.2,37.9,22.7,4.06,60.6
1557,15.0,77.0,17.3438,6.71,26.1,15.8,3.66,41.8
1558,9.0,79.0,16.7578,7.26,38.2,27.0,5.31,65.2
1559,18.0,88.0,16.6992,7.9,25.9,19.7,4.17,45.6
1560,9.0,54.0,17.168,5.67,29.3,14.3,2.87,43.6
1561,6.0,57.0,16.875,4.93,31.2,25.0,3.01,56.2
1562,13.0,69.79158585522981,17.4023,8.78,33.7,22.1,5.27,55.8
1563,7.0,64.34715437685458,17.2852,8.51,30.8,16.9,4.12,47.6
1564,15.0,66.0,16.7871,6.69,34.1,13.8,3.51,47.8
1565,12.0,75.0,17.2266,9.34,32.0,24.6,5.61,56.6
1566,10.0,64.0,17.5781,6.03,41.0,24.9,4.42,65.9
1567,18.0,70.0,17.168,7.85,49.5,21.0,6.02,70.5
1568,19.0,76.0,17.2852,6.47,41.0,19.5,4.59,60.5
1569,11.0,76.0,16.6992,4.96,27.0,17.0,2.56,44.1
1570,9.0,83.0,16.875,5.5,26.6,19.5,2.79,46.1
1571,17.0,58.0,16.9922,8.66,21.0,14.6,3.72,35.6
1572,9.0,58.0,17.6367,4.02,24.2,23.2,2.21,47.4
1573,11.0,57.0,16.875,7.39,34.7,16.2,3.55,50.9
1574,17.0,76.0,17.5781,6.63,26.5,22.1,3.82,48.6
1575,21.0,78.0,17.3438,7.25,25.1,22.9,4.2,48.0
1576,20.0,89.0,17.9297,6.63,14.4,12.9,2.29,27.3
1577,15.0,65.0,17.6367,7.85,17.0,20.2,2.78,37.2
1578,10.0,76.0,18.3691,7.06,16.1,23.4,3.0,39.5
1579,8.0,84.0,18.457,5.99,22.3,25.2,3.0,47.5
1580,8.0,71.0,19.834,6.32,36.0,17.7,3.58,53.8
1581,10.0,77.0,18.5742,8.56,33.6,17.5,4.65,51.0
1582,7.0,58.0,19.4531,3.21,29.7,12.6,1.61,42.3
1583,18.0,51.0,19.9512,9.81,37.3,12.8,4.82,50.1
1584,16.0,83.0,14.2969,6.35,25.5,9.5,2.54,35.0
1585,9.0,82.0,14.3555,4.34,51.7,17.3,3.39,69.0
1586,7.0,67.0,14.1211,5.62,21.8,16.3,2.01,38.1
1587,7.0,63.0,13.5352,6.74,18.9,9.2,2.05,28.1
1588,13.102426402020065,63.0,14.4434,6.6,29.5,7.6,2.09,37.1
1589,13.0,67.0,14.502,6.84,24.5,18.3,3.41,42.8
1590,8.943714746933885,67.0,14.9414,4.86,23.0,11.6,1.73,34.6
1591,14.0,82.0,14.7656,4.6,20.9,13.4,2.2,34.3
1592,28.0,65.0,15.1172,7.47,25.5,13.5,3.46,39.0
1593,20.0,72.0,15.293,5.52,22.5,17.0,2.51,39.5
1594,31.0,61.0,15.4395,8.72,36.4,15.2,4.68,51.7
1595,18.0,53.0,15.7324,6.51,14.2,15.8,2.24,30.0
1596,12.0,58.0,17.4023,7.61,25.4,18.2,3.55,43.6
1597,14.0,66.0,17.5781,7.85,18.3,20.6,3.29,38.9
1598,16.303905440597063,74.0,17.1387,7.1,19.4,19.6,3.0,39.0
1599,22.0,72.0,17.7539,8.98,3.4,16.3,1.69,19.7
1600,21.0,54.0,17.168,7.02,22.4,16.9,3.09,39.3
1601,10.0,80.0,15.0293,7.68,35.3,16.6,4.32,51.9
1602,19.0,77.0,15.7031,7.68,16.5,18.2,3.23,34.7
1603,19.0,73.0,14.9707,8.65,34.5,15.3,4.68,49.8
1604,7.0,55.0,15.0586,7.18,37.6,14.9,3.42,52.5
1605,7.406002347050261,47.0,18.3691,2.22,30.3,0.0,0.46,30.3
1606,8.0,60.0,16.0547,13.21,24.0,16.5,3.39,40.6
1607,10.0,71.0,16.4648,2.91,23.3,16.7,1.44,40.0
1608,8.0,91.0,14.7656,5.67,24.1,11.6,2.21,35.7
1609,12.880118402671414,89.0,15.1172,6.07,28.2,23.8,3.34,52.0
1610,9.0,47.0,16.4355,8.4,18.1,10.8,2.08,28.9
1611,11.196735790471052,60.0,16.7871,3.98,37.5,16.4,2.3,53.9
1612,4.0,48.0,16.4648,5.24,31.8,14.8,2.71,46.6
1613,9.0,66.0,15.2051,9.18,24.0,13.3,2.55,37.4
1614,10.0,70.0,16.2012,5.56,28.1,15.7,2.62,43.8
1615,15.0,62.97973396430804,16.6992,6.76,29.4,19.8,3.87,49.2
1616,12.0,60.05923597797297,17.3438,6.8,43.0,16.7,3.86,59.7
1617,13.0,64.59668813336538,16.9922,5.93,37.0,23.9,4.43,60.9
1618,9.583179994193166,71.0,15.9375,8.86,44.0,18.8,5.77,62.8
1619,6.0,73.0,16.6406,8.25,44.6,19.6,5.51,64.2
1620,8.0,74.0,16.5234,9.08,12.5,25.6,3.62,38.1
1621,12.0,65.0,16.7285,6.22,29.8,17.2,3.12,47.0
1622,8.664185935596507,81.0,16.1426,7.63,27.3,21.8,3.85,49.0
1623,10.89726091898062,85.0,16.3477,6.97,19.4,23.2,3.09,42.6
1624,23.0,63.0,17.3438,7.69,20.5,21.2,3.84,41.7
1625,11.0,63.0,17.168,5.96,37.1,15.1,3.39,52.2
1626,9.042542928507089,69.0,17.8125,5.8,28.9,23.4,3.17,52.3
1627,17.0,70.0,17.6953,7.52,29.7,21.3,4.54,51.0
1628,16.0,74.0,17.5781,7.11,20.5,15.3,2.83,35.8
1629,15.0,75.0,17.373,6.79,12.8,13.2,2.3,26.0
1630,6.0,66.0,17.168,5.02,25.4,20.0,2.56,45.4
1631,11.05308702878061,63.0,17.1973,6.5,42.1,24.3,4.51,66.4
1632,13.0,68.0,17.3438,7.82,26.2,20.9,4.08,47.2
1633,14.0,64.0,17.2266,8.27,33.7,17.6,4.84,51.3
1634,14.0,57.0,16.6406,6.6,29.4,19.7,3.57,49.1
1635,11.0,64.0,16.875,4.58,29.5,18.4,2.58,47.9
1636,9.0,77.0,16.4355,4.39,35.7,17.6,2.81,53.3
1637,9.107173780455796,84.0,17.3438,3.07,29.3,14.9,1.45,44.2
1638,20.0,79.0,17.8711,7.4,21.6,24.4,3.94,46.0
1639,10.0,83.0,17.9297,7.13,22.3,20.1,3.56,42.4
1640,18.943145070174715,89.0,17.6953,7.1,37.4,19.8,4.44,57.2
1641,7.0,61.0,18.0176,5.77,29.0,19.2,2.96,48.3
1642,18.0,77.0,17.8711,6.65,36.3,14.5,3.85,50.9
1643,10.978702600568766,81.0,17.9883,4.3,19.5,19.3,1.75,38.8
1644,14.0,67.26521743588576,18.252,8.06,30.1,15.9,4.02,45.9
1645,9.0,70.01918765759221,18.9844,8.41,26.2,24.6,4.63,50.8
1646,12.0,66.0,14.6484,7.1,11.9,11.9,1.58,23.8
1647,10.0,76.0,14.707,6.55,31.1,14.1,3.24,45.3
1648,12.0,79.0,14.0039,5.3,20.8,15.9,2.17,36.8
1649,12.0,84.0,13.915999999999999,5.45,20.9,20.4,2.43,41.3
1650,14.0,90.0,14.0332,5.36,30.1,16.8,2.79,47.0
1651,12.0,91.0,14.1797,5.54,25.6,19.5,2.87,45.1
1652,13.0,86.0,13.6816,5.44,26.2,15.2,2.61,41.4
1653,18.0,51.0,15.6445,11.46,27.3,18.3,2.64,45.7
1654,22.0,61.0,15.0586,5.6,34.5,22.9,3.93,57.4
1655,16.0,63.0,15.293,5.45,30.7,19.9,3.15,50.6
1656,20.0,76.0,14.8828,6.01,28.3,18.0,3.21,46.3
1657,24.0,61.0,15.0586,7.29,31.7,15.4,3.15,47.1
1658,27.835421215649106,72.0,15.2637,6.46,19.9,13.0,2.46,32.9
1659,21.0,65.29611594745427,17.4023,6.6,18.9,18.9,2.84,37.9
1660,14.0,32.0,15.5859,10.53,36.5,22.2,5.21,58.7
1661,17.0,53.0,15.8496,8.63,20.6,15.7,3.7,36.2
1662,29.0,54.0,15.2051,9.07,28.7,15.1,4.36,43.8
1663,5.0,49.0,15.3516,5.21,24.5,16.3,2.25,40.8
1664,13.0,66.0,15.3516,7.34,34.5,17.8,4.7,52.3
1665,13.0,51.0,15.5859,7.87,28.1,16.7,3.06,44.7
1666,11.0,41.0,15.8789,6.52,21.8,11.4,3.03,33.2
1667,15.713308555457317,74.0,16.3477,7.81,20.3,20.1,3.38,40.4
1668,8.8708194093252,82.0,15.3516,3.25,17.9,22.6,1.38,40.6
1669,10.0,57.0,15.293,9.43,41.8,15.9,4.89,57.7
1670,10.0,65.0,14.6191,7.14,34.0,18.7,4.0,52.8
1671,11.0,69.0,14.8828,6.71,28.2,14.3,3.06,42.6
1672,10.0,57.0,16.1719,7.19,15.4,15.4,2.36,30.8
1673,2.0,47.0,17.959,3.85,5.9,0.0,0.13,5.9
1674,8.0,68.81561888725577,17.1094,6.5,37.6,26.4,4.55,64.0
1675,21.0,56.46741629555171,17.3438,7.1,35.4,18.7,3.93,54.1
1676,12.0,63.79302786433729,16.1719,7.13,17.1,14.7,2.59,31.8
1677,14.0,66.25371542579836,15.8789,8.89,23.3,13.4,3.67,36.7
1678,11.0,73.0,15.1172,7.52,22.8,18.0,3.4,40.9
1679,11.0,78.0,16.2305,8.78,27.1,21.2,4.61,48.3
1680,13.0,65.0,16.7285,6.99,23.5,20.7,3.39,44.2
1681,10.0,64.0,16.4648,4.41,22.2,25.1,2.32,47.3
1682,14.0,49.0,16.4062,9.54,28.4,20.4,5.39,48.8
1683,10.0,62.0,16.2891,5.43,20.9,21.8,2.63,42.7
1684,15.0,56.0,16.1133,7.11,32.0,14.1,3.17,46.1
1685,16.0,60.0,16.4062,8.51,30.8,18.0,4.61,48.8
1686,20.754799909198738,69.54902414499185,17.5488,9.08,40.8,22.5,6.22,63.2
1687,12.0,63.91807294890776,17.8711,8.39,32.5,20.5,4.11,53.0
1688,16.30038995734469,47.0,16.9922,8.64,38.5,18.2,5.24,56.6
1689,9.0,60.0,17.168,6.54,39.5,21.0,4.67,60.4
1690,13.0,66.0,16.8164,5.26,28.3,18.2,2.76,46.5
1691,12.0,60.0,17.168,8.87,29.6,16.7,4.57,46.3
1692,4.0,59.0,17.1094,5.27,38.0,14.1,2.88,52.1
1693,15.0,69.0,17.168,7.07,20.3,28.4,4.06,48.7
1694,17.0,64.9657268289932,17.5195,7.15,31.3,24.1,4.72,55.4
1695,14.0,68.51372550487957,17.8125,6.76,18.3,21.8,3.0,40.1
1696,24.0,65.99597942779823,17.6074,7.53,34.8,20.6,5.0,55.4
1697,11.0,59.0,17.5195,6.61,21.7,18.5,3.0,40.2
1698,16.0,68.67984166499645,17.6953,8.59,24.4,20.1,4.18,44.5
1699,15.0,61.0,13.9453,6.78,34.5,15.8,3.89,50.3
1700,8.0,65.0,13.418,3.91,19.9,10.9,1.33,30.8
1701,10.0,71.0,14.4727,5.49,36.6,17.1,3.21,53.7
1702,10.750786556421815,68.0,14.0039,5.2,35.8,23.9,3.3,59.7
1703,10.0,74.0,14.6484,5.2,23.6,11.6,2.01,35.2
1704,14.0,52.0,14.2969,7.32,42.2,19.7,5.13,61.9
1705,10.0,61.0,14.2383,7.37,39.3,17.0,4.5,56.4
1706,28.0,69.0,15.5273,7.41,19.7,21.6,3.67,41.2
1707,9.096318301743096,79.0,15.5273,1.19,0.0,21.1,0.27,21.1
1708,17.0,47.0,14.5312,4.3,29.8,15.9,2.38,45.7
1709,20.0,34.0,14.7656,5.12,33.6,18.1,3.14,51.6
1710,14.0,47.0,15.1758,5.77,29.9,17.8,3.13,47.7
1711,12.420852620391415,80.0,17.3438,8.76,33.5,18.8,4.81,52.3
1712,15.0,82.0,17.2852,7.09,29.3,15.7,4.08,45.0
1713,15.255840000990517,85.0,17.5195,7.9,30.8,19.0,4.19,49.8
1714,8.855081548161216,53.0,15.5273,7.35,43.6,24.9,5.15,68.5
1715,8.0,63.0,15.2344,6.38,32.5,11.2,3.64,43.7
1716,16.0,55.0,14.1797,8.84,35.1,16.9,4.41,52.0
1717,18.0,68.0,15.0586,8.47,33.4,16.1,4.92,49.5
1718,13.0,79.0,14.8828,7.43,34.2,17.8,4.35,52.0
1719,16.179775554355423,60.0,15.4395,8.64,42.6,20.4,5.13,63.0
1720,10.633008545259308,47.0,15.3516,3.38,43.6,22.9,0.93,66.4
1721,9.110225670695655,47.0,15.7031,6.2,39.3,16.9,3.63,56.2
1722,12.0,57.0,15.3516,7.48,34.1,7.7,3.36,41.8
1723,9.828611218243381,60.0,16.084,5.35,25.3,14.0,2.19,39.3
1724,14.0,60.0,14.3555,8.08,31.6,15.2,4.13,46.7
1725,11.0,62.0,15.4395,6.47,26.3,24.3,3.66,50.6
1726,14.0,63.85856055787173,16.4062,6.16,33.6,19.3,3.68,52.9
1727,13.0,72.0,16.1719,6.2,16.5,25.0,2.84,41.5
1728,11.0,72.0,16.875,6.52,39.0,24.6,4.47,63.7
1729,11.0,84.0,16.875,7.14,31.2,20.7,4.06,52.0
1730,20.0,57.0,16.9336,10.44,35.5,18.3,6.35,53.8
1731,10.0,70.26625204644562,18.1641,8.69,37.3,16.4,4.88,53.7
1732,10.988289192307,69.0423436578753,18.3398,7.07,32.4,18.0,3.72,50.4
1733,14.0,73.0,14.5898,5.96,39.2,14.5,3.71,53.6
1734,8.0,62.0,14.1797,5.8,40.4,17.8,2.94,58.2
1735,14.0,63.0,14.707,6.91,36.9,22.3,4.59,59.2
1736,11.0,74.0,14.0625,4.32,39.0,19.2,2.85,58.2
1737,8.0,71.0,15.5273,5.23,13.7,3.9,1.08,17.6
1738,24.0,25.0,16.9922,9.01,21.2,10.6,4.29,31.8
1739,12.0,24.0,14.5605,6.67,40.8,9.8,3.25,50.6
1740,38.0,59.81057118603482,14.4434,8.45,18.6,13.2,3.35,31.8
1741,28.0,56.70259132982369,14.4727,8.02,14.5,15.9,3.34,30.4
1742,10.0,33.0,15.0586,2.56,20.1,12.2,1.11,32.4
1743,23.0,59.0,14.7656,11.2,23.8,14.6,3.24,38.4
1744,9.0,58.0,15.6445,1.97,27.8,13.9,1.05,41.7
1745,30.0,73.0,15.0293,10.45,29.4,11.7,3.56,41.1
1746,20.0,60.00135988641495,14.3262,9.31,27.8,14.7,4.59,42.5
1747,15.0,60.659938129136265,14.1504,7.4,15.8,12.4,2.55,28.2
1748,13.0,64.69512214590796,14.1797,7.57,35.5,16.9,4.53,52.3
1749,22.0,66.0,14.707,7.94,20.0,11.1,3.0,31.1
1750,9.0,53.0,14.1211,8.4,27.6,19.4,3.54,47.0
1751,17.0,64.38095926766019,16.3477,6.48,29.3,20.1,3.63,49.4
1752,10.991830865484332,61.892285046864,16.084,4.27,21.1,21.1,1.92,42.3
1753,10.0,53.81683150416963,16.6992,10.79,38.8,20.8,5.47,59.7
1754,21.0,50.0,16.7578,10.06,24.1,19.8,4.88,43.9
1755,9.0,48.0,16.4941,6.1,40.2,20.5,3.94,60.6
1756,11.301162663583654,67.0933118107935,15.7617,4.79,34.6,21.9,2.89,56.6
1757,6.0,70.23961951773899,16.4062,7.32,32.3,22.5,4.23,54.8
1758,11.285669197359134,70.43867511558244,16.3477,5.45,40.8,26.0,3.83,66.7
1759,18.0,69.0,16.2598,7.53,30.0,17.3,3.93,47.3
1760,8.0,70.0,16.1426,4.94,29.0,26.6,2.93,55.6
1761,9.0,68.930171714766,18.1934,7.78,43.4,16.2,4.89,59.6
1762,11.749221126977986,85.0,18.3984,8.03,46.1,21.3,5.66,67.5
1763,8.0,87.0,18.7793,7.24,29.4,21.4,3.97,50.8
1764,9.0,89.0,18.3398,8.26,38.8,20.3,5.18,59.1
1765,8.0,92.0,18.3984,8.34,38.6,19.0,5.06,57.6
1766,9.310352361212075,93.0,18.75,8.06,40.3,20.5,5.07,60.9
1767,8.0,61.0,19.248,8.64,39.4,20.5,5.5,59.8
1768,17.0,39.0,14.1211,8.73,39.8,17.3,4.42,57.1
1769,11.0,33.0,14.7656,8.26,36.5,8.5,3.6,44.9
1770,10.0,40.0,14.7656,5.67,31.6,7.0,1.94,38.6
1771,13.0,52.0,15.498,4.93,18.8,17.2,2.35,36.0
1772,15.496775149181403,52.0,14.4727,5.98,28.9,25.8,2.91,54.7
1773,15.0,51.0,15.5859,6.8,23.0,26.2,2.99,49.2
1774,15.0,49.0,14.5898,5.52,31.5,25.5,2.86,57.1
1775,27.0,58.0,15.3223,10.04,25.4,14.6,4.79,40.0
1776,27.0,71.0,15.2344,5.77,24.0,17.4,3.16,41.4
1777,15.0,60.0,15.2637,4.85,24.9,17.4,2.38,42.3
1778,31.0,52.0,15.1758,7.38,24.9,12.6,4.02,37.5
1779,10.0,66.76119052926812,15.293,6.6,39.8,19.3,4.32,59.1
1780,9.695982080917908,64.67601937874615,16.2012,5.36,32.4,16.7,2.73,49.1
1781,6.0,63.8537817277033,16.3477,5.24,30.5,14.7,2.49,45.2
1782,14.0,59.298189298389524,16.4062,8.53,29.2,26.4,4.59,55.6
1783,5.0,65.06734439462174,15.3516,5.32,35.1,18.6,3.17,53.7
1784,13.0,66.99460113702918,15.4688,7.07,27.7,21.4,3.99,49.1
1785,10.0,66.02791220794786,15.7031,7.12,40.2,13.3,4.1,53.5
1786,8.0,69.7429321515836,16.3477,6.45,25.1,26.9,3.61,52.0
1787,12.0,58.1726008821115,17.3438,8.37,26.0,18.6,3.7,44.6
1788,11.0,69.22271560091724,17.4023,7.36,31.1,23.3,4.65,54.4
1789,20.0,62.18530577889606,17.2852,7.87,12.4,15.9,2.85,28.2
1790,17.0,82.0,17.3438,7.26,24.7,13.4,3.21,38.1
1791,7.0,69.0,19.1016,8.06,35.5,16.5,4.41,52.0
1792,9.0,82.0,19.3945,5.42,26.4,16.5,2.52,42.9
1793,9.49785791437504,70.0,18.5156,8.69,39.0,20.5,5.34,59.5
1794,6.0,52.0,18.2227,8.08,32.2,23.3,4.65,55.5
1795,8.0,72.0,18.1641,10.59,43.5,13.5,5.03,57.0
1796,10.0,75.0,17.9883,6.73,38.9,20.0,4.33,58.9
1797,9.0,82.0,18.1641,7.72,41.0,17.5,4.78,58.5
1798,24.0,43.0,14.707,8.67,30.8,19.5,4.2,50.4
1799,14.0,44.0,15.0293,7.73,39.5,19.6,5.49,59.1
1800,12.0,53.0,15.1172,6.02,41.5,17.1,3.84,58.5
1801,13.0,62.0,14.7656,6.42,27.0,18.9,2.62,45.9
1802,13.0,60.0,16.1719,5.89,32.5,21.5,3.09,54.0
1803,13.0,50.0,15.5859,8.37,20.4,18.0,3.11,38.4
1804,14.0,46.0,16.4648,5.47,27.2,20.9,3.08,48.1
1805,10.0,64.04016488404525,15.1758,7.35,38.1,15.7,4.36,53.8
1806,14.0,79.0,15.0,7.41,33.9,19.9,4.52,53.8
1807,14.0,76.0,14.8828,8.87,34.3,24.5,5.84,58.8
1808,11.0,74.0,15.0586,7.03,37.5,16.5,4.19,54.0
1809,20.0,54.79534743152886,16.2891,6.82,30.2,16.6,3.02,46.8
